query_id,place_id,city,condition,seed,pred_lat,pred_lon,true_lat,true_lon,error_km,effective_mse
amman_query_-39Q9edqZUArYHa41OPDoQ,amman:31,amman,hardened,1234,31.949663,35.884094,31.999358,35.879608,5.5420,15.6800
boston_query_--LUAhgqzqNM6FyWSJ-Dsw,boston:87,boston,hardened,1234,-40.910908,-73.148232,42.398486,-71.107798,9265.8645,15.6800
cph_query_--FyHVca3HP-QgUmcAvToA,cph:208,cph,hardened,1234,54.763367,11.852246,55.696390,12.519278,112.0376,15.6800
london_query_-0u7VsCOCAmwH4RFsN5BoA,london:51,london,hardened,1234,51.487797,-0.189428,51.468922,-0.126438,4.8409,15.6800
manila_query_-10kuZ2TqVxJ-YLQJl2uqA,manila:102,manila,hardened,1234,14.609620,121.005890,14.567746,121.047486,6.4588,15.6800
nairobi_query_-K4R8iYrz9LwQ7wia8JZtQ,nairobi:2,nairobi,hardened,1234,-1.040897,36.741028,-1.364671,36.766126,36.1101,15.6800
toronto_query_-1caqsIDW4YpUBZB98J9uV,toronto:33,toronto,hardened,1234,43.775585,-79.346054,43.738266,-79.429596,7.8891,15.6800
zurich_query_--RjvuIbkJiPNJknyeZN_Q,zurich:64,zurich,hardened,1234,33.487000,126.554497,47.420370,8.506906,9106.6639,15.6800
amman_query_-6eEB_fS2eePRNUql6vOrQ,amman:21,amman,hardened,1234,-22.441336,-68.919296,31.937649,35.849155,12642.4163,15.6800
boston_query_--VtRctVkqAafFr5b_6GXg,boston:262,boston,hardened,1234,42.304901,-71.219200,42.304708,-71.073356,11.9938,15.6800
cph_query_--kN3Y3n0x47vWa8WX-a8w,cph:162,cph,hardened,1234,59.403599,17.943077,55.711783,12.592544,519.6489,15.6800
london_query_-4Vq2O1PhPmG6WK-yV402Q,london:2,london,hardened,1234,53.288551,-6.198885,51.523822,-0.178555,452.8956,15.6800
manila_query_-10rV9IlRhgTnk5e_QJbgA,manila:142,manila,hardened,1234,14.274808,121.102959,14.553068,121.063485,31.2319,15.6800
nairobi_query_-cS3FR1RBElNB48QQHiL0Q,nairobi:18,nairobi,hardened,1234,-1.040897,36.741028,-1.254382,36.691417,24.3708,15.6800
toronto_query_-3UT7A8bNUkVBgSLW30-ow,toronto:185,toronto,hardened,1234,-34.754658,149.718170,43.710996,-79.360762,15737.3918,15.6800
zurich_query_-25E3MQ0PY1vs_FT7mKaUw,zurich:13,zurich,hardened,1234,47.499783,8.729211,47.394793,8.470135,22.7120,15.6800
amman_query_-BJoV1t0rKwEzk0bsZplVQ,amman:37,amman,hardened,1234,32.869747,13.183218,31.978364,35.915587,2131.8532,15.6800
boston_query_-0n5FDAuOditKvxIekIbBg,boston:239,boston,hardened,1234,40.850239,-73.946968,42.380288,-71.076932,293.0098,15.6800
cph_query_--xKnCCc_4tDGo80iM-A_g,cph:345,cph,hardened,1234,55.679134,12.572307,55.681840,12.535123,2.3505,15.6800
london_query_-4pmBOZmF-ynXSkWw5BAew,london:5,london,hardened,1234,51.646698,-0.191960,51.535260,-0.170542,12.4794,15.6800
manila_query_-2h231ovohZWmrsaBllNyw,manila:177,manila,hardened,1234,14.584208,121.056732,14.589862,121.079849,2.5659,15.6800
nairobi_query_-dn1KaWvGY9H5JRLNtaYPg,nairobi:10,nairobi,hardened,1234,-1.228967,36.804867,-1.273521,36.800827,4.9745,15.6800
toronto_query_-4IVXvKV2D8brXjQPZ1GRA,toronto:88,toronto,hardened,1234,43.648125,-79.395790,43.643736,-79.402861,0.7496,15.6800
zurich_query_-4StYjY5sT1S23ls5heCbg,zurich:104,zurich,hardened,1234,46.197498,6.195167,47.384664,8.477789,218.2150,15.6800
amman_query_-D0IlKF__f0c9DPAKbiYnw,amman:23,amman,hardened,1234,32.865963,13.124756,31.946058,35.850294,2131.7926,15.6800
boston_query_-3hM-MR6uuw3se14vw3G0w,boston:84,boston,hardened,1234,37.840157,-122.291389,42.355516,-71.105953,4316.7724,15.6800
cph_query_-05vIhjxDNupFcgaM90L3w,cph:71,cph,hardened,1234,56.047958,12.696998,55.679677,12.568518,41.7284,15.6800
london_query_-5QOE2AlZX8rEz8ONtGRrg,london:131,london,hardened,1234,51.555065,-0.278413,51.518989,-0.186234,7.5325,15.6800
manila_query_-3H2xPWPOqn_dCF2Lz5EtQ,manila:160,manila,hardened,1234,15.772430,120.735794,14.614392,121.074872,133.8100,15.6800
nairobi_query_-f7xKWoDFjaXHyTtnRqVKw,nairobi:9,nairobi,hardened,1234,32.866646,13.197047,-1.275838,36.794777,4532.5637,15.6800
toronto_query_-4mlNvZUZnbmRaGbiIndoA,toronto:102,toronto,hardened,1234,43.648434,-79.399269,43.653097,-79.398314,0.5242,15.6800
zurich_query_-71-BK_yAOJ1soK0OQWIcg,zurich:44,zurich,hardened,1234,47.626789,7.915692,47.408626,8.440654,46.2887,15.6800
amman_query_-EAmCN9i5BGEadZIccXEyA,amman:30,amman,hardened,1234,38.036652,23.803438,32.001434,35.876522,1286.4128,15.6800
boston_query_-4vuSn0vvcBVOccgQqFlow,boston:149,boston,hardened,1234,38.905708,-77.070450,42.343408,-71.091326,632.7817,15.6800
cph_query_-07-gME-zaQLhCsFrSInSg,cph:241,cph,hardened,1234,59.376099,13.523483,55.669586,12.610691,415.7234,15.6800
london_query_-7U9wY8ynnu3oZ1g_-0xww,london:104,london,hardened,1234,54.904522,-1.378891,51.534225,-0.082836,384.5482,15.6800
manila_query_-5pMypBbFEXHPOTYNJl_EA,manila:116,manila,hardened,1234,-6.364804,106.833961,14.567987,121.050187,2806.3594,15.6800
nairobi_query_-rWgRitoKSYrdczUKUiOrA,nairobi:22,nairobi,hardened,1234,3.874410,11.521551,-1.257983,36.701486,2855.8067,15.6800
toronto_query_-5HBlqC41yTbYA1NM7dz1A,toronto:156,toronto,hardened,1234,43.649250,-79.364273,43.647975,-79.371764,0.6192,15.6800
zurich_query_-7bB9HS2MqV7UT7vRyROfg,zurich:19,zurich,hardened,1234,51.969742,6.274212,47.399085,8.513745,533.0933,15.6800
amman_query_-L_vanPrT4RcWlLbzCqMKA,amman:29,amman,hardened,1234,31.949841,35.922371,31.958243,35.852087,6.6965,15.6800
boston_query_-5-CNr3q7kmRGcDSMueI4w,boston:234,boston,hardened,1234,42.361111,-71.090385,42.354578,-71.078903,1.1907,15.6800
cph_query_-0_HsZnndjHv76QpTyNFCA,cph:242,cph,hardened,1234,58.736000,5.639784,55.669816,12.611177,540.4182,15.6800
london_query_-7cNAk24ZhuoOowcvDoImw,london:126,london,hardened,1234,51.606449,-2.627363,51.518691,-0.207176,167.5733,15.6800
manila_query_-6NSbTuzpeyDbSXKeGAasg,manila:190,manila,hardened,1234,5.698579,-76.647835,14.559348,121.089786,17031.8834,15.6800
nairobi_query_-yxXz3in11JFniZQAa7m2A,nairobi:10,nairobi,hardened,1234,-23.527321,-46.777725,-1.273099,36.800974,9296.4466,15.6800
toronto_query_-5RKNbex7In9Ys4mH40wXA,toronto:3,toronto,hardened,1234,45.456337,-73.633804,43.651658,-79.437117,501.5565,15.6800
zurich_query_-ANYzSHAsjItBx6yJauT3A,zurich:14,zurich,hardened,1234,47.386494,8.518781,47.392415,8.476167,3.2748,15.6800
amman_query_-MUBUlzvFxQS_zFg6xNhVg,amman:6,amman,hardened,1234,35.743813,51.347469,31.968966,35.841534,1490.1891,15.6800
boston_query_-6RLrPXAeunQaNK6m645ZA,boston:237,boston,hardened,1234,37.786453,-122.404434,42.350361,-71.076221,4330.7637,15.6800
cph_query_-2N5Dmf5tOm5N83KXgvjDw,cph:459,cph,hardened,1234,57.749725,12.021792,55.702854,12.553638,229.9011,15.6800
london_query_-8xWvI5d3Z6gfsRDb_kEQQ,london:15,london,hardened,1234,51.507420,-0.128017,51.503144,-0.152533,1.7622,15.6800
manila_query_-6_2C-ExaVhx4ONvHOvffw,manila:67,manila,hardened,1234,14.551074,121.051468,14.631225,121.034560,9.0962,15.6800
nairobi_query_0-ZdPdUGwVdDwKbIOxQCBA,nairobi:15,nairobi,hardened,1234,10.665015,-71.600304,-1.269268,36.817625,12045.9107,15.6800
toronto_query_-5ryd5v5eXUsmP9y4p6w_g,toronto:346,toronto,hardened,1234,43.736938,-79.719872,43.653895,-79.775916,10.2747,15.6800
zurich_query_-Bz7by7mnVU_HZbXc8FmpQ,zurich:111,zurich,hardened,1234,51.491333,7.516333,47.390342,8.491967,461.4220,15.6800
amman_query_-N1g8CEJP4UIaWH8Qqja2g,amman:26,amman,hardened,1234,35.743813,51.347469,31.956696,35.847420,1490.1497,15.6800
boston_query_-7KZUz5u8-7ja98pf8etVA,boston:176,boston,hardened,1234,42.315971,-71.223206,42.305410,-71.085418,11.3909,15.6800
cph_query_-3uNzD-M1uI2jZeGqOkpXg,cph:7,cph,hardened,1234,52.662640,-1.129016,55.717097,12.561645,951.3062,15.6800
london_query_-9FGszdwftnBlzMuP0c_NQ,london:18,london,hardened,1234,51.502464,-0.139303,51.503390,-0.155664,1.1371,15.6800
manila_query_-6_XaKv0Rrp2Jl0G9m_8NQ,manila:88,manila,hardened,1234,12.913175,100.996140,14.525723,121.043254,2172.2403,15.6800
nairobi_query_01juXwMfxX_a4pfhpqt66g,nairobi:10,nairobi,hardened,1234,32.866646,13.197047,-1.274450,36.799743,4532.7158,15.6800
toronto_query_-5z50PgNYnxK8Ns2WmF_TQ,toronto:301,toronto,hardened,1234,43.736938,-79.719872,43.754078,-79.824089,8.5859,15.6800
zurich_query_-D3dDkhM5rjIJhj1SPdroA,zurich:96,zurich,hardened,1234,52.260666,6.786500,47.378900,8.489336,556.3626,15.6800
amman_query_-VdxqGX8d8L_OiSEN5CtDw,amman:0,amman,hardened,1234,32.866646,13.197047,31.983953,35.832464,2122.7421,15.6800
boston_query_-8cIAPzC7_za-xCEWsIoK2,boston:248,boston,hardened,1234,41.715298,-72.738121,42.341823,-71.158835,147.8785,15.6800
cph_query_-4KruxIYZ3a3GYE0tOKn2w,cph:333,cph,hardened,1234,55.705639,13.193893,55.692373,12.533366,41.4167,15.6800
london_query_-9KgeyegI3TaGMqglsDENg,london:111,london,hardened,1234,48.904366,2.479691,51.536444,-0.076229,344.5164,15.6800
manila_query_-7YHsOWBiYFmYcRzIM0ijg,manila:92,manila,hardened,1234,14.605166,-61.071499,14.590865,121.044033,16760.3327,15.6800
nairobi_query_09aysNUjwNAPHsHo-R-IdA,nairobi:21,nairobi,hardened,1234,-1.288210,36.894150,-1.255310,36.693854,22.5649,15.6800
toronto_query_-68JeZKxV2XoP0N_6780Og,toronto:55,toronto,hardened,1234,47.328293,-79.810997,43.631011,-79.415244,412.2741,15.6800
zurich_query_-E0qyEWY7jSPMOpGqiEG-A,zurich:7,zurich,hardened,1234,51.491333,7.516333,47.394980,8.503928,461.0447,15.6800
amman_query_-XWB_1fOm8NW5dQx9p5IKg,amman:35,amman,hardened,1234,24.707031,46.675243,31.984011,35.900124,1327.8323,15.6800
boston_query_-9Lur-PAHqcMspWszAgfqw,boston:249,boston,hardened,1234,51.475590,-2.618279,42.347328,-71.161497,5108.4621,15.6800
cph_query_-4RqBOkDhigU8JsdQZINkQ,cph:94,cph,hardened,1234,55.674648,12.565618,55.706035,12.580389,3.6108,15.6800
london_query_-FGaYVNFN5ALUsVDNixL_g,london:122,london,hardened,1234,53.587086,-2.287763,51.532457,-0.058266,273.6669,15.6800
manila_query_-81llwEm_ZxNy7Sa7Xrjlw,manila:53,manila,hardened,1234,13.745741,100.532234,14.648824,121.034293,2211.6340,15.6800
nairobi_query_0ByAmUG6wFySvLcHHQ0Sdg,nairobi:10,nairobi,hardened,1234,-1.954929,30.057478,-1.272851,36.801038,753.3759,15.6800
toronto_query_-6ZIqrL48IaL1dCCO7bDVQ,toronto:351,toronto,hardened,1234,40.720314,-112.048088,43.618533,-79.763686,2663.1461,15.6800
zurich_query_-F7hOUVha_xHAoDddsUYdw,zurich:99,zurich,hardened,1234,47.499783,8.729211,47.385695,8.539805,19.0743,15.6800
amman_query_-iXxlTRmA5JphamcIjxBbA,amman:11,amman,hardened,1234,32.224110,35.271511,32.029374,35.840189,57.7634,15.6800
boston_query_-9gbUk-DmX9AOqntuN1nEm,boston:168,boston,hardened,1234,42.315971,-71.223206,42.396756,-71.090514,14.1270,15.6800
cph_query_-4XnD9qE623teR-nRYxB5A,cph:190,cph,hardened,1234,55.706097,9.575217,55.652749,12.602146,189.8488,15.6800
london_query_-Flts9XBA2wVlru8_LHbkg,london:111,london,hardened,1234,51.235210,-0.576868,51.536552,-0.077324,48.2123,15.6800
manila_query_-85J_HceaTP2S0IavwkQ-A,manila:119,manila,hardened,1234,14.274808,121.102959,14.594386,121.056988,35.8787,15.6800
nairobi_query_0LJUobuUEqOqrZc4s2fVgg,nairobi:5,nairobi,hardened,1234,50.358891,3.263883,-1.289306,36.779175,6564.9228,15.6800
toronto_query_-7C0G-8afrBbN3hImbBHsA,toronto:346,toronto,hardened,1234,43.736938,-79.719872,43.653797,-79.772529,10.1681,15.6800
zurich_query_-Kb55YIF941j2DBFO5gVjA,zurich:111,zurich,hardened,1234,47.238808,8.737808,47.390806,8.492133,25.0733,15.6800
amman_query_-qij8CFaEYNp4JW3rF9oqQ,amman:32,amman,hardened,1234,18.475664,-69.929268,31.996352,35.884292,10334.4189,15.6800
boston_query_-AJWNV55EAzvKArt5mMYqg,boston:144,boston,hardened,1234,37.420502,-122.084000,42.333475,-71.091457,4320.2514,15.6800
cph_query_-5qSxgAnKk-6Bf5AVVoPjA,cph:243,cph,hardened,1234,-40.920334,174.983337,55.673263,12.609763,17932.1442,15.6800
london_query_-HfvOD1d7XUGJoEMybpyqQ,london:77,london,hardened,1234,52.633087,-1.134606,51.502168,-0.109986,143.9376,15.6800
manila_query_-9tG6ERjH4jVcWo9jkVvBg,manila:29,manila,hardened,1234,14.671822,120.934219,14.623835,121.015344,10.2294,15.6800
nairobi_query_0M1Vl3tUlt_2MiFp6vxhrg,nairobi:1,nairobi,hardened,1234,-15.554298,-47.333340,-1.246579,36.680326,9329.1545,15.6800
toronto_query_-7bDZLvVOVk7ethfd1yomg,toronto:251,toronto,hardened,1234,28.881945,-82.096947,43.661414,-79.319267,1661.8899,15.6800
zurich_query_-Km53YFc8zewa3vS2OeGsQ,zurich:33,zurich,hardened,1234,49.783665,18.257833,47.401855,8.580756,758.7036,15.6800
amman_query_-t_-moqpBTWSiKU7mS-lgQ,amman:23,amman,hardened,1234,32.865963,13.124756,31.948052,35.850809,2131.8066,15.6800
boston_query_-Ae9_7GnntvqV8myNb9fhv,boston:191,boston,hardened,1234,46.801117,-71.359634,42.388455,-71.089429,491.1316,15.6800
cph_query_-8E-udXiyMJCRp_UkM4Kgw,cph:245,cph,hardened,1234,59.390850,24.313091,55.678158,12.612364,809.6621,15.6800
london_query_-Id3DdRqVbjIA39wjxbTgw,london:125,london,hardened,1234,50.863853,-0.089263,51.488586,-0.057906,69.5016,15.6800
manila_query_-AXkFLZ0HchDGYvJ_KZ3dQ,manila:13,manila,hardened,1234,13.191231,77.665268,14.537463,120.994845,4673.1734,15.6800
nairobi_query_0Oa1jUYlj8LE47HApYWufA,nairobi:0,nairobi,hardened,1234,-1.024163,37.065125,-1.248723,36.683211,49.2568,15.6800
toronto_query_-85n6JJLXmi04edt5JxhzQ,toronto:21,toronto,hardened,1234,46.801117,-71.359634,43.633435,-79.427235,722.9416,15.6800
zurich_query_-M0Q1_7lg_TKGT2-mllw4w,zurich:19,zurich,hardened,1234,42.467758,14.222981,47.399076,8.513323,708.5920,15.6800
amman_query_0-2jyV8XAzdAOYMkdyQVLw,amman:6,amman,hardened,1234,32.866646,13.197047,31.970600,35.840690,2123.7350,15.6800
boston_query_-BE36-GG_yM6YS57M_uMTQ,boston:84,boston,hardened,1234,37.840157,-122.291389,42.355772,-71.105689,4316.7882,15.6800
cph_query_-9WYlFp61M1J1zV1mJD4uA,cph:280,cph,hardened,1234,54.545502,18.360224,55.665359,12.629060,385.1095,15.6800
london_query_-OOGG8lTvgHHqp3iuULlyQ,london:21,london,hardened,1234,51.513561,-0.141000,51.514113,-0.151959,0.7608,15.6800
manila_query_-ColYSDtqqoE3TZ4eZHu8g,manila:189,manila,hardened,1234,13.985466,101.749596,14.562662,121.089544,2084.4853,15.6800
nairobi_query_0R73ChZbcyJ8Z4vBaef_Jw,nairobi:10,nairobi,hardened,1234,33.571667,-7.598500,-1.274479,36.799933,6043.2026,15.6800
toronto_query_-8BknWmZh2lEnEeect73Ww,toronto:273,toronto,hardened,1234,43.618534,-79.373833,43.666225,-79.298422,8.0588,15.6800
zurich_query_-TxHEY5xnZFgfnHO3ygjzw,zurich:25,zurich,hardened,1234,50.808563,9.730883,47.404517,8.598975,387.3646,15.6800
amman_query_051WRvR5gI1vde606oseFw,amman:23,amman,hardened,1234,40.487675,-3.654949,31.948302,35.850846,3636.2990,15.6800
boston_query_-CNeDzWqfei0F-1CmA8N9A,boston:156,boston,hardened,1234,41.822517,-71.412041,42.362981,-71.093857,65.5814,15.6800
cph_query_-9ZOGirqZl2EVYWN1WLERg,cph:162,cph,hardened,1234,50.527397,30.454102,55.711674,12.592638,1318.9315,15.6800
london_query_-TmVvxY52h9CjrIUzBbCgw,london:129,london,hardened,1234,51.506279,-0.172449,51.507021,-0.186526,0.9777,15.6800
manila_query_-ELxcda6ePiuO6nR3VP3-A,manila:20,manila,hardened,1234,14.607235,121.040154,14.657366,121.004372,6.7744,15.6800
nairobi_query_0TzVtw0twyRTMFGP-VzE8A,nairobi:17,nairobi,hardened,1234,12.651895,-7.990150,-1.249292,36.847142,5182.8609,15.6800
toronto_query_-8NbZpIbjwqAXwoRMmYddg,toronto:196,toronto,hardened,1234,43.734653,-79.258255,43.686514,-79.356058,9.5105,15.6800
zurich_query_-Vs9xzO47S-0Cfs9o81wvQ,zurich:27,zurich,hardened,1234,49.600124,6.220321,47.403352,8.599657,300.6305,15.6800
amman_query_0CjrhmzpvqXBOIBsGB6LcQ,amman:21,amman,hardened,1234,32.865963,13.124756,31.936361,35.848843,2131.8236,15.6800
boston_query_-D-onyWSIw3M1SbsxL7X-g,boston:27,boston,hardened,1234,42.304901,-71.219200,42.319381,-71.117116,8.5471,15.6800
cph_query_-AowxxrsOr_xM02-ZyrQ5A,cph:96,cph,hardened,1234,59.858395,17.637691,55.712892,12.577496,549.6155,15.6800
london_query_-UeH_UbGnPshWdeEEYfhyQ,london:121,london,hardened,1234,51.455734,-0.972284,51.534875,-0.056317,64.0175,15.6800
manila_query_-EVOy4h35ZUyBK4r6uBM5g,manila:15,manila,hardened,1234,13.727712,100.741470,14.516902,121.000779,2185.7075,15.6800
nairobi_query_0YY7sOJF2Kr1PfPB1KidBg,nairobi:3,nairobi,hardened,1234,-1.298725,36.790714,-1.290163,36.774214,2.0667,15.6800
toronto_query_-8Q-Otkctyr1cXAnmn2BEw,toronto:23,toronto,hardened,1234,43.256268,-79.868973,43.638578,-79.429367,55.3770,15.6800
zurich_query_-ZAb7eYhYeo1yW06_paa_g,zurich:27,zurich,hardened,1234,47.736000,9.403833,47.405110,8.599770,70.6569,15.6800
amman_query_0IvHKlYEfFEP39KRxr9UZg,amman:22,amman,hardened,1234,32.865963,13.124756,31.941886,35.847469,2131.6007,15.6800
boston_query_-DYvemYiNwx_BmPSrlUWIA,boston:144,boston,hardened,1234,40.348591,-74.654976,42.333410,-71.091583,370.3598,15.6800
cph_query_-BH_JCTriNnLeoSt0e51lQ,cph:429,cph,hardened,1234,52.633087,-1.134606,55.664835,12.546808,950.6825,15.6800
london_query_-WUdEGuLIX2B2T8rBV0Rgw,london:75,london,hardened,1234,52.633087,-1.134606,51.491861,-0.111056,144.9084,15.6800
manila_query_-EthLwRJMwt-Shb-xpIYlA,manila:119,manila,hardened,1234,14.274808,121.102959,14.594442,121.056911,35.8860,15.6800
nairobi_query_0jIUlQnC_o05NHi_OMD_vg,nairobi:10,nairobi,hardened,1234,49.226006,-123.000130,-1.273749,36.800755,14346.4106,15.6800
toronto_query_-8imnyri_5yPaHzqoBtiSg,toronto:274,toronto,hardened,1234,43.734653,-79.258255,43.748641,-79.295987,3.4069,15.6800
zurich_query_-_SB4ERKdFDYkwavdkk6NA,zurich:27,zurich,hardened,1234,47.736000,9.403833,47.405016,8.599805,70.6601,15.6800
amman_query_0NfGsYmI9MkLl0JzfO-tJg,amman:37,amman,hardened,1234,31.949841,35.922371,31.978879,35.916274,3.2798,15.6800
boston_query_-DZ2jmUKLylFospVHUJx9w,boston:144,boston,hardened,1234,40.348591,-74.654976,42.333348,-71.091695,370.3483,15.6800
cph_query_-CmhgNHgZVau1Sw841AZJw,cph:271,cph,hardened,1234,50.787247,3.038792,55.677270,12.618525,836.6767,15.6800
london_query_-WZeEq0W1pr6VJS4t3dR0g,london:63,london,hardened,1234,51.579903,-0.336714,51.471655,-0.123163,19.0563,15.6800
manila_query_-GD9SrklFbEy7mNAK9uIXg,manila:143,manila,hardened,1234,15.772430,120.735794,14.555314,121.062423,139.8034,15.6800
nairobi_query_0o5iaNnZzqS9cqJ1tMT85g,nairobi:20,nairobi,hardened,1234,-1.040897,36.741028,-1.275833,36.887606,30.7895,15.6800
toronto_query_-8zrNMH6voa2ZtBaGNpoYQ,toronto:130,toronto,hardened,1234,43.702957,-79.536545,43.735876,-79.381670,12.9735,15.6800
zurich_query_-bwmsEYfSnHpjkqrw0Vn6g,zurich:27,zurich,hardened,1234,50.808563,9.730883,47.403802,8.599861,387.4287,15.6800
amman_query_0PLHged3iWJuuv8xOPB5rA,amman:29,amman,hardened,1234,32.865963,13.124756,31.958905,35.854412,2131.9571,15.6800
boston_query_-EHBZ4-3d6vENYYFm7mWEw,boston:123,boston,hardened,1234,42.369064,-71.073059,42.347679,-71.097785,3.1276,15.6800
cph_query_-CrgHhqoywCPgzsSAabnsw,cph:464,cph,hardened,1234,59.376099,13.523483,55.710387,12.552667,411.6937,15.6800
london_query_-WyzcGh-_EYVhI50Y9F08Q,london:121,london,hardened,1234,51.401546,-1.324517,51.535018,-0.055866,89.1211,15.6800
manila_query_-GRDcYlSjwLZPQ0LqKatqA,manila:171,manila,hardened,1234,13.746680,100.534760,14.605291,121.079154,2216.1826,15.6800
nairobi_query_0u9pYEI4g20T0TGGb3Q_mw,nairobi:19,nairobi,hardened,1234,55.813999,-2.041833,-1.253763,36.690423,7245.3258,15.6800
toronto_query_-90qYles5GKU3ikhCYP3xg,toronto:265,toronto,hardened,1234,44.297920,-80.021584,43.686419,-79.832400,69.6597,15.6800
zurich_query_-ckZ0rXdz4mibIinNjdoZQ,zurich:19,zurich,hardened,1234,5.399580,100.562065,47.399638,8.516805,9719.3803,15.6800
amman_query_0R0A_PhOAjP-uMDPM7p7mA,amman:29,amman,hardened,1234,24.751135,46.725487,31.958702,35.853572,1330.6202,15.6800
boston_query_-F1y-kaybMQbp8p7UR03TA,boston:250,boston,hardened,1234,40.985806,-73.848312,42.337935,-71.159550,269.2267,15.6800
cph_query_-EJZ9qR_FRIGfCF6DhQCJg,cph:175,cph,hardened,1234,55.678940,12.588272,55.679159,12.592312,0.2545,15.6800
london_query_-XIh6yuegk86oURAbggPpw,london:76,london,hardened,1234,51.522568,-0.157756,51.494331,-0.110853,4.5161,15.6800
manila_query_-GYvqZ8BYSfzGUbFI13obA,manila:109,manila,hardened,1234,15.483300,120.583298,14.654438,121.049307,104.8714,15.6800
nairobi_query_16KxNH7RD-4ITdBTZKvAXw,nairobi:3,nairobi,hardened,1234,-1.283576,36.821365,-1.290173,36.773942,5.3227,15.6800
toronto_query_-95Ypw11XUgNqZdY5m4GCw,toronto:85,toronto,hardened,1234,42.304901,-71.219200,43.744124,-79.407106,684.2495,15.6800
zurich_query_-fOHAPAq-KX4XPlg0JJPvg,zurich:96,zurich,hardened,1234,52.337883,4.805231,47.379042,8.489478,611.1881,15.6800
amman_query_0RRGZCCzxqj8dJzhN-RnQQ,amman:6,amman,hardened,1234,32.866646,13.197047,31.967991,35.842017,2123.9029,15.6800
boston_query_-GJo3fVMwIWZoCYgf09NLQ,boston:235,boston,hardened,1234,40.807556,-73.962677,42.354394,-71.076373,295.2986,15.6800
cph_query_-Eb1W6216G9S88OFy95k4Q,cph:366,cph,hardened,1234,55.657463,12.511260,55.663202,12.539098,1.8591,15.6800
london_query_-XZRTRoj7LEefbZ7UDBzXg,london:29,london,hardened,1234,51.504856,-0.018249,51.524194,-0.137541,8.5303,15.6800
manila_query_-HF88JWAO1GDy0F6B4ZeZg,manila:202,manila,hardened,1234,14.721760,120.860596,14.684486,121.104344,26.5417,15.6800
nairobi_query_183WoPTmmjfRAAmVLL6TDw,nairobi:1,nairobi,hardened,1234,-31.886795,117.704727,-1.247339,36.681249,9087.2440,15.6800
toronto_query_-9p2_cESNINnXfab4o-dKQ,toronto:121,toronto,hardened,1234,41.886009,-87.646210,43.639211,-79.390001,701.2856,15.6800
zurich_query_-iln48QPRjkI40nJSzd6lg,zurich:109,zurich,hardened,1234,47.494705,8.717415,47.389771,8.545821,17.3976,15.6800
amman_query_0fPb7in-cHyh0MAM_N6Zwg,amman:13,amman,hardened,1234,32.025043,35.878407,31.942440,35.847242,9.6440,15.6800
boston_query_-HufF4iDO00S4hZK96hUyw,boston:145,boston,hardened,1234,42.320778,-71.051277,42.335250,-71.090104,3.5746,15.6800
cph_query_-Efn_mUBXLqGWGzUw3Youw,cph:460,cph,hardened,1234,55.695702,12.546869,55.703663,12.553377,0.9747,15.6800
london_query_-b5BCVv9Qd6OhZGxpoqS5A,london:84,london,hardened,1234,52.631920,-1.138487,51.522775,-0.100861,142.2606,15.6800
manila_query_-KU1q5fdqSI_GghxKumbeg,manila:67,manila,hardened,1234,-2.177986,-79.912880,14.632668,121.034870,17331.0952,15.6800
nairobi_query_19K8RILgg4ErFKJ9l5D9zQ,nairobi:10,nairobi,hardened,1234,42.673389,23.275909,-1.274444,36.799699,5071.1385,15.6800
toronto_query_-Af6Q3npKjccLu7TwYvlsQ,toronto:197,toronto,hardened,1234,42.532608,-83.199722,43.734681,-79.355683,339.3156,15.6800
zurich_query_-ldtR3_I7eHdDGYU5BNczg,zurich:105,zurich,hardened,1234,47.388325,8.519226,47.386112,8.514885,0.4091,15.6800
amman_query_0mtodUgJmOV4UK-0AiTGHg,amman:26,amman,hardened,1234,31.949841,35.922371,31.957841,35.850878,6.8035,15.6800
boston_query_-IYAXZ4yoOS7SzEIu2m-me,boston:98,boston,hardened,1234,49.411083,-82.404327,42.350961,-71.101908,1173.2090,15.6800
cph_query_-F5w8wQO0CU26PCfOqANzA,cph:370,cph,hardened,1234,59.376099,13.523483,55.666308,12.540118,416.6562,15.6800
london_query_-c-T7aulp9a5g-J9zYbYiQ,london:51,london,hardened,1234,51.592068,-0.174064,51.468010,-0.127645,14.1634,15.6800
manila_query_-KoSUCrB2w1FscwO9vyRlw,manila:31,manila,hardened,1234,14.552815,121.022881,14.521897,121.016181,3.5128,15.6800
nairobi_query_1J7o8IGEriKnTs-ay8aPNQ,nairobi:3,nairobi,hardened,1234,-6.364804,106.833961,-1.290055,36.771096,7788.5573,15.6800
toronto_query_-AlgHQUWzDPe9bpb8ZAzSA,toronto:171,toronto,hardened,1234,43.648335,-79.398331,43.655206,-79.366112,2.7024,15.6800
zurich_query_-m5K41q4X0r8qu_XnaYlIg,zurich:14,zurich,hardened,1234,47.409676,8.550367,47.392525,8.475857,5.9233,15.6800
amman_query_0rJM3ZzX3JzTTpl0GCia8w,amman:36,amman,hardened,1234,2.166625,102.580315,31.966763,35.902553,7691.0608,15.6800
boston_query_-Jix8HM-vXTXdWrXQwVvQw,boston:123,boston,hardened,1234,42.360626,-71.087044,42.347696,-71.096756,1.6444,15.6800
cph_query_-FLAkBWjfrY2RcqaQ-LgmQ,cph:261,cph,hardened,1234,54.763367,11.852246,55.678322,12.617675,112.7269,15.6800
london_query_-cAVonhAOLeSK7tfil0ceg,london:100,london,hardened,1234,53.480701,-2.234312,51.518997,-0.086096,262.1320,15.6800
manila_query_-LBCdeO8C8kj5IjX1m3XTA,manila:173,manila,hardened,1234,14.624447,120.971832,14.611955,121.075401,11.2298,15.6800
nairobi_query_1YjlKCdHNgoQBY8yOFqlmw,nairobi:8,nairobi,hardened,1234,32.698296,-5.849917,-1.277792,36.792388,5853.2850,15.6800
toronto_query_-B-3B3MjxX0UdrDIo-8kmA,toronto:101,toronto,hardened,1234,43.257267,-79.868286,43.645382,-79.396225,57.5721,15.6800
zurich_query_-nhCCSRwlsxqJsUbzqZvCQ,zurich:83,zurich,hardened,1234,48.390858,-4.402170,47.366428,8.541395,970.8312,15.6800
amman_query_12LbsAl_T_jgw2JHgbR5ng,amman:35,amman,hardened,1234,32.893082,13.167393,31.984105,35.900009,2131.6201,15.6800
boston_query_-Jv7RF27BSJIV-gqOI7KxZ,boston:195,boston,hardened,1234,44.795231,-68.757118,42.393239,-71.086096,326.3330,15.6800
cph_query_-GVbOpzggFXAot0UyKhx2g,cph:4,cph,hardened,1234,55.705502,12.536791,55.703369,12.562531,1.6301,15.6800
london_query_-dHWRapn57-l_kynPnun3Q,london:21,london,hardened,1234,51.515205,-0.142913,51.513784,-0.155293,0.8711,15.6800
manila_query_-MH02w7P6jmmqnoUdL-55Q,manila:72,manila,hardened,1234,19.411375,-99.248772,14.556378,121.036735,14210.2362,15.6800
nairobi_query_1Z__CFelPzXEI1IEu_8QJw,nairobi:13,nairobi,hardened,1234,-6.825960,107.408691,-1.271100,36.807389,7849.1591,15.6800
toronto_query_-B136fRwqMBMXoc03yy-PQ,toronto:102,toronto,hardened,1234,43.647972,-79.395401,43.651356,-79.397597,0.4157,15.6800
zurich_query_-tYWpAACOq7RfVvZJ-BAcQ,zurich:30,zurich,hardened,1234,46.630127,5.222911,47.405269,8.505161,263.3067,15.6800
amman_query_1HafWFxuyylXLnDzCoapDA,amman:35,amman,hardened,1234,24.707031,46.675243,31.985877,35.897811,1328.1299,15.6800
boston_query_-Kg6j3FKy26wYRLBkE_dFQ,boston:123,boston,hardened,1234,42.370422,-71.076942,42.347671,-71.098275,3.0777,15.6800
cph_query_-G_OOR1_yAfdfgnlKYNKnQ,cph:254,cph,hardened,1234,55.667049,12.548240,55.665647,12.613241,4.0796,15.6800
london_query_-dZ1k85FDVdFSbcG6_ECOA,london:62,london,hardened,1234,51.463139,-0.169515,51.472889,-0.121665,3.4874,15.6800
manila_query_-MKMMHEd33H1_45AJ8B5AA,manila:20,manila,hardened,1234,14.607235,121.040154,14.657327,121.004155,6.7842,15.6800
nairobi_query_20W8wyVhxSIpj4ekTP7ezw,nairobi:20,nairobi,hardened,1234,-1.315840,36.798191,-1.275747,36.888255,10.9598,15.6800
toronto_query_-BTAllhGXYkM_JsKwxUFMg,toronto:34,toronto,hardened,1234,43.734653,-79.258255,43.634766,-79.422425,17.2520,15.6800
zurich_query_-uQ-4tnYcOJ9WPXRG-ou3w,zurich:98,zurich,hardened,1234,47.175495,8.513255,47.385264,8.494911,23.3663,15.6800
amman_query_1IWpn2b6V75KvNFoTU8UOQ,amman:26,amman,hardened,1234,29.302837,47.936440,31.957222,35.848997,1192.8552,15.6800
boston_query_-LPTAIN0lPGriKBtXoH5Mg,boston:139,boston,hardened,1234,49.265228,-123.250679,42.394615,-71.097155,4029.3924,15.6800
cph_query_-Gsj5kZ1V6uLXFxzeI7G2Q,cph:159,cph,hardened,1234,57.707310,11.967716,55.703588,12.591003,226.0263,15.6800
london_query_-dp5VWHVq4LzwLgq7y7yhw,london:28,london,hardened,1234,51.515339,-0.141921,51.518018,-0.141846,0.2979,15.6800
manila_query_-N4wDG2Fhm38ZVy0hGp8_A,manila:106,manila,hardened,1234,-27.970146,153.336182,14.599797,121.049566,5873.4278,15.6800
nairobi_query_2CNtCHy0TUbebdEFLYNrIQ,nairobi:10,nairobi,hardened,1234,4.807186,-75.690392,-1.273190,36.800949,12511.3958,15.6800
toronto_query_-Cdr8zjFdZw7nzz8_rwM4w,toronto:389,toronto,hardened,1234,43.775585,-79.346054,43.708161,-79.735548,32.1753,15.6800
zurich_query_0247N-PdpG4_iueC_9_G4g,zurich:42,zurich,hardened,1234,49.600124,6.220321,47.408884,8.586796,299.5734,15.6800
amman_query_1Nmy4JnYnb5zA_JmbkDWBQ,amman:4,amman,hardened,1234,32.865963,13.124756,31.980710,35.835015,2129.7784,15.6800
boston_query_-Lu6tv4tCQMDsXtxLtxMzQ,boston:176,boston,hardened,1234,42.315971,-71.223206,42.306142,-71.086617,11.2846,15.6800
cph_query_-HqO0GfYTRx5TzfB_6mTqA,cph:296,cph,hardened,1234,48.156258,11.592693,55.677867,12.526326,838.7929,15.6800
london_query_-izmF6OCR-aIZLVQbzDbLQ,london:8,london,hardened,1234,51.893337,-8.507452,51.466750,-0.170082,576.4695,15.6800
manila_query_-P2actpgy_mRkcbLVKBjkQ,manila:94,manila,hardened,1234,5.698579,-76.647835,14.591475,121.043952,17032.5437,15.6800
nairobi_query_2OfDNnR5st7y8-O2ibiklQ,nairobi:5,nairobi,hardened,1234,-31.724077,115.763451,-1.289461,36.778849,8891.2828,15.6800
toronto_query_-DB8UBv2Rg4kTi6HTqrhOw,toronto:228,toronto,hardened,1234,43.367214,-80.322121,43.736903,-79.344912,88.8342,15.6800
zurich_query_046U_rtFmS-pAuZF-Zba0Q,zurich:42,zurich,hardened,1234,52.554966,10.096821,47.409118,8.585746,582.2686,15.6800
amman_query_1Tf2dWuS4el8fREHH1_k0w,amman:25,amman,hardened,1234,30.118700,31.403902,31.955989,35.847630,470.0325,15.6800
boston_query_-N2T2kBE4uG56LTsyCQPJg,boston:19,boston,hardened,1234,42.395805,-71.120628,42.390720,-71.118060,0.6035,15.6800
cph_query_-I7HyKa_KIzMp2uMsvqUAg,cph:54,cph,hardened,1234,55.695702,12.546869,55.707689,12.570277,1.9819,15.6800
london_query_-kd8SHN5N5wLOpzEu10rfQ,london:36,london,hardened,1234,51.543026,-0.198698,51.554131,-0.134742,4.5915,15.6800
manila_query_-PR9Q6-AlT31oRE_Ep_fnQ,manila:135,manila,hardened,1234,-3.769493,-38.479355,14.530453,121.057691,17473.3060,15.6800
nairobi_query_2QtumRO8ayl5p_Jb-rhTZQ,nairobi:22,nairobi,hardened,1234,-26.412781,27.862684,-1.256850,36.698234,2952.4546,15.6800
toronto_query_-Dr7KE__egl6kS-yslctCg,toronto:196,toronto,hardened,1234,43.734562,-79.258377,43.688351,-79.355308,9.3327,15.6800
zurich_query_08U3p7js9TCivpCfLs0ZIw,zurich:5,zurich,hardened,1234,47.241512,8.621435,47.350401,8.439406,18.3043,15.6800
amman_query_1TysYQA0N2AnJ5lzQWP07w,amman:12,amman,hardened,1234,30.417442,-9.605269,31.934255,35.846195,4295.3696,15.6800
boston_query_-NRCmKPnLW6ukq5fovMufw,boston:112,boston,hardened,1234,40.847401,-73.847900,42.391569,-71.099197,285.7879,15.6800
cph_query_-I8EyCiw4PS74_uGuMqUYQ,cph:332,cph,hardened,1234,55.686356,37.395721,55.694543,12.535502,1549.7795,15.6800
london_query_-qvarKx0xtSTs0tnxDE0oQ,london:18,london,hardened,1234,51.502785,-0.135183,51.503617,-0.155744,1.4261,15.6800
manila_query_-Qc1bZWefrpkNPZ60zZS5Q,manila:23,manila,hardened,1234,35.746334,139.850662,14.630671,121.010803,3005.4048,15.6800
nairobi_query_2RQpcoZ0MfOmswdfhpjw4g,nairobi:7,nairobi,hardened,1234,49.114807,-1.097259,-1.278235,36.791982,6674.8433,15.6800
toronto_query_-EilBTWhr8vjdDW-B7MU8A,toronto:27,toronto,hardened,1234,43.661182,-79.474152,43.652911,-79.429633,3.6976,15.6800
zurich_query_0AlvsX9XlPHoz4joTTL7hQ,zurich:8,zurich,hardened,1234,52.260666,6.786500,47.394534,8.487329,554.6309,15.6800
amman_query_1VTBGOTuAwvnyE1o4Pbm0Q,amman:23,amman,hardened,1234,36.227436,-115.113701,31.947981,35.850798,11853.7321,15.6800
boston_query_-NSEL0mtEJlIM-oR5yFnFg,boston:139,boston,hardened,1234,34.090126,-118.212288,42.395075,-71.098124,4161.6820,15.6800
cph_query_-IKk5Ns9ayTUN3tqBrl3Ow,cph:61,cph,hardened,1234,55.705502,12.536791,55.715609,12.572097,2.4809,15.6800
london_query_-rtMM_qyd5EBLnADEBIUTA,london:21,london,hardened,1234,51.513561,-0.141000,51.513812,-0.154949,0.9657,15.6800
manila_query_-QdSFqylfs0aHx31jOvTVg,manila:183,manila,hardened,1234,15.304277,-61.389538,14.620970,121.088774,16676.4426,15.6800
nairobi_query_2Xgp5FmRFbMXgBspWoEFNg,nairobi:10,nairobi,hardened,1234,-1.040897,36.741028,-1.274449,36.799731,26.7773,15.6800
toronto_query_-FOgEN8RNyKr0s933N-a0w,toronto:112,toronto,hardened,1234,43.775585,-79.346054,43.638686,-79.392763,15.6787,15.6800
zurich_query_0F0ESDULqwk5km1KbyUEZw,zurich:25,zurich,hardened,1234,49.207588,16.456017,47.404307,8.596640,614.5563,15.6800
amman_query_1_jzc52w72UKyKztvVoygQ,amman:23,amman,hardened,1234,39.488998,-119.794937,31.947488,35.850682,11683.8140,15.6800
boston_query_-NUm2lI2JYWeHZ6lrL2eZA,boston:34,boston,hardened,1234,39.830002,-98.580002,42.333535,-71.112937,2308.7820,15.6800
cph_query_-JMzfm4NuuBt61JuZ2sggw,cph:395,cph,hardened,1234,54.080124,13.425378,55.719022,12.543546,190.7562,15.6800
london_query_-u8BrzndSdD1lHKeeOwN1A,london:121,london,hardened,1234,51.235126,-0.570259,51.535102,-0.055521,48.8725,15.6800
manila_query_-QvNwUfMuYwx4zaJzG9hHA,manila:134,manila,hardened,1234,2.195252,102.248367,14.638555,121.061339,2485.5474,15.6800
nairobi_query_2hMXkBjbWEdGXSh4zxGVeg,nairobi:22,nairobi,hardened,1234,-1.040897,36.741028,-1.257682,36.700615,24.5205,15.6800
toronto_query_-FRsj6TVpdbM-sdJNwZZbw,toronto:58,toronto,hardened,1234,43.674034,-79.309723,43.664469,-79.414263,8.4753,15.6800
zurich_query_0FEApLaNMLno1PTABlbYyQ,zurich:37,zurich,hardened,1234,47.361698,7.913515,47.406711,8.599769,51.9083,15.6800
amman_query_1jA0_v7p_4KHVbia4DG7Bw,amman:13,amman,hardened,1234,31.949841,35.922371,31.943147,35.846882,7.1614,15.6800
boston_query_-O6nZhSO0Cgq4iaZ522K2g,boston:90,boston,hardened,1234,40.017387,-105.274529,42.347418,-71.102605,2852.1798,15.6800
cph_query_-MUw194v9r5C1394mci6-A,cph:384,cph,hardened,1234,55.695702,12.546869,55.691439,12.539931,0.6432,15.6800
london_query_-vkja3p0MzaoZlQOooT-YQ,london:121,london,hardened,1234,51.235126,-0.570259,51.535157,-0.055377,48.8840,15.6800
manila_query_-RZzhLSoiUGq-PShtIhzxw,manila:54,manila,hardened,1234,14.689217,121.089760,14.509201,121.034379,20.8851,15.6800
nairobi_query_2wqDKqSdeRPYg6X996gZ0w,nairobi:21,nairobi,hardened,1234,12.680000,108.052666,-1.255715,36.695013,8019.6978,15.6800
toronto_query_-FohtR51AFcyGSLgiTdXzw,toronto:207,toronto,hardened,1234,45.255962,-122.851181,43.698050,-79.353208,3413.4171,15.6800
zurich_query_0I7IdNKcKWGXL-wmkUdx2A,zurich:65,zurich,hardened,1234,47.499783,8.729211,47.356025,8.556108,20.6177,15.6800
amman_query_1n6vx0uExn56MfvA6toRJw,amman:31,amman,hardened,1234,35.743813,51.347469,31.997765,35.882059,1485.4864,15.6800
boston_query_-OEJzVyBJiypLsHkeOqxKn,boston:79,boston,hardened,1234,10.264586,-61.462669,42.351378,-71.106286,3689.3037,15.6800
cph_query_-Mwdj8AXbTR5wrPmQKRbhQ,cph:33,cph,hardened,1234,57.749725,12.021792,55.713403,12.564661,228.8355,15.6800
london_query_-wX-mY4F2ewX9tlr1_JTbw,london:68,london,hardened,1234,51.455734,-0.972284,51.546735,-0.118787,59.9379,15.6800
manila_query_-SSrBkppXcUPQnmvRyEZaA,manila:102,manila,hardened,1234,10.311541,123.918915,14.568022,121.045369,566.8497,15.6800
nairobi_query_32eRlu6tx-Q_LzhBd8iTQA,nairobi:21,nairobi,hardened,1234,12.043349,107.070007,-1.255772,36.695181,7906.6165,15.6800
toronto_query_-HBbI6fcMz-R3CyduFEoDg,toronto:426,toronto,hardened,1234,43.913815,-80.090752,43.612381,-79.684057,46.7986,15.6800
zurich_query_0IZVsW_UPLzI_vUm51hEMQ,zurich:25,zurich,hardened,1234,47.361698,7.913515,47.404274,8.598877,51.8172,15.6800
amman_query_1qMrYvXqBvZDS0XUd5cEtg,amman:21,amman,hardened,1234,31.239346,34.789410,31.937378,35.849925,126.9437,15.6800
boston_query_-OlQhKn0bS9eZTkeJL6ovw,boston:237,boston,hardened,1234,42.349545,-71.077660,42.350202,-71.077051,0.0886,15.6800
cph_query_-N9mbKdWcHyUUsU1379EgA,cph:176,cph,hardened,1234,55.426128,13.821286,55.682321,12.593564,82.3033,15.6800
london_query_02vfV_A3zc1S9Akd07xuEA,london:33,london,hardened,1234,51.505203,-0.020798,51.522088,-0.135794,8.1762,15.6800
manila_query_-Tmeby1UCsrkKNvVnN7L5g,manila:87,manila,hardened,1234,3.156789,101.714661,14.647364,121.042548,2474.5722,15.6800
nairobi_query_37RDt83nGFaZl6CPpzqlTw,nairobi:13,nairobi,hardened,1234,9.935816,-84.051559,-1.271471,36.807695,13409.3916,15.6800
toronto_query_-IlXU6r8OSJejg6wnFTYMQ,toronto:236,toronto,hardened,1234,43.734653,-79.258255,43.657492,-79.332556,10.4546,15.6800
zurich_query_0Ky7pgdILHyYlzjahHNGZg,zurich:51,zurich,hardened,1234,47.046879,8.343172,47.414511,8.551050,43.7887,15.6800
amman_query_1rZerb0T7z_1E7yKfEBCtA,amman:6,amman,hardened,1234,32.663151,-115.467705,31.968570,35.841738,12222.8605,15.6800
boston_query_-Phryua7d1FHhpGGfaEGcg,boston:47,boston,hardened,1234,42.395805,-71.120628,42.392918,-71.114082,0.6262,15.6800
cph_query_-PRZAb6qxjSdDqzgOekgbg,cph:356,cph,hardened,1234,59.861862,17.637547,55.700354,12.536836,552.4321,15.6800
london_query_039iugtZTFguj-7UQyc-wg,london:71,london,hardened,1234,52.633087,-1.134606,51.525703,-0.114381,141.4998,15.6800
manila_query_-TrGJy3CeaXApOffGndlqg,manila:41,manila,hardened,1234,12.913175,100.996140,14.645460,121.029601,2171.3428,15.6800
nairobi_query_38y5DGnb1BCdL2r_1MWELg,nairobi:5,nairobi,hardened,1234,18.900927,-98.442818,-1.288900,36.779791,14760.1886,15.6800
toronto_query_-Iyv6ydukEfueu-CphPhwg,toronto:218,toronto,hardened,1234,43.648335,-79.398331,43.659411,-79.347333,4.2837,15.6800
zurich_query_0PrObi7NiUNPMe7_RDu2Ng,zurich:46,zurich,hardened,1234,47.448639,8.361905,47.406117,8.564021,15.9226,15.6800
amman_query_1uJbVMOMqlPVx4GYc2BgOA,amman:15,amman,hardened,1234,32.166531,34.829235,31.958280,35.846258,98.5961,15.6800
boston_query_-Ptt76cqL8Ath-qW7aRUQw,boston:139,boston,hardened,1234,40.015324,-105.277687,42.394938,-71.097803,2852.3086,15.6800
cph_query_-Q4-mvnV6y-0yK62OXn-1w,cph:297,cph,hardened,1234,60.391098,5.325987,55.679443,12.525384,673.0840,15.6800
london_query_03BhnvDRczArNBQm0Qu0tQ,london:122,london,hardened,1234,52.633087,-1.134606,51.533038,-0.057214,142.7619,15.6800
manila_query_-Tvw2ZcjPmZrmxcJ3PNHwQ,manila:33,manila,hardened,1234,14.552815,121.022881,14.551609,121.013616,1.0061,15.6800
nairobi_query_3BfqchD1dC_R_VKSm6NXMQ,nairobi:20,nairobi,hardened,1234,-1.040897,36.741028,-1.275522,36.890097,30.9077,15.6800
toronto_query_-J6MOLqIZtzsA-CH6ie5Cg,toronto:101,toronto,hardened,1234,43.648335,-79.398254,43.644772,-79.398840,0.3989,15.6800
zurich_query_0Spj-pWISRRStxENII8G4A,zurich:61,zurich,hardened,1234,59.270775,15.214278,47.421236,8.557486,1388.0709,15.6800
amman_query_23YO5CD18Cg_wG_ZhqhbQQ,amman:23,amman,hardened,1234,35.005421,-106.657326,31.945762,35.850234,11603.8501,15.6800
boston_query_-RyJCN_Rrfvr2l9jqadkcQ,boston:239,boston,hardened,1234,37.559189,126.803253,42.380225,-71.076918,10943.6794,15.6800
cph_query_-Q7samX2RjJwU9xiKFxpug,cph:175,cph,hardened,1234,55.678940,12.588272,55.679215,12.592071,0.2401,15.6800
london_query_03VxrSUHoB-y1D50kXwi8g,london:131,london,hardened,1234,51.456680,-0.975465,51.518911,-0.185236,55.1503,15.6800
manila_query_-WlvwRIHM8K9xtN_z0FAGg,manila:153,manila,hardened,1234,13.786320,100.414612,14.562098,121.068112,2227.5689,15.6800
nairobi_query_3Rln3I-knaHBGe7xAH2I_Q,nairobi:12,nairobi,hardened,1234,-1.271134,36.724548,-1.271915,36.801434,8.5476,15.6800
toronto_query_-JY9Ip12RNDaK_geCga4LA,toronto:192,toronto,hardened,1234,43.667831,-79.336334,43.677358,-79.358733,2.0899,15.6800
zurich_query_0UfO0g5oR-GfH12twjOIuw,zurich:94,zurich,hardened,1234,-42.883366,147.328476,47.377890,8.519020,16784.0454,15.6800
amman_query_27ZYHE_-tdmKbq7gUW9ECA,amman:21,amman,hardened,1234,32.866646,13.197047,31.936738,35.849261,2125.1116,15.6800
boston_query_-TMAMMmIqQ4AQA3YI-YOHg,boston:206,boston,hardened,1234,40.870220,-124.087173,42.334913,-71.084957,4337.3475,15.6800
cph_query_-R9cTkYMNbXlglFeWCXtMg,cph:429,cph,hardened,1234,40.964214,-5.662765,55.664950,12.547397,2104.5728,15.6800
london_query_06tRsqVA7nx5PgabbPdu4w,london:119,london,hardened,1234,51.513023,-0.379049,51.488561,-0.060075,22.2461,15.6800
manila_query_-WuLHZxOTWuUgVSb36RTng,manila:132,manila,hardened,1234,14.854255,120.301544,14.604503,121.058185,85.9783,15.6800
nairobi_query_3Thql5xEy0LYu4bdux1icw,nairobi:18,nairobi,hardened,1234,3.897138,11.546630,-1.254622,36.691950,2852.4479,15.6800
toronto_query_-K6Ci0V3ZYp50_DrMghntA,toronto:103,toronto,hardened,1234,43.655392,-79.380821,43.668025,-79.397094,1.9201,15.6800
zurich_query_0W_6dskxdNPlCJnX9EhmZA,zurich:33,zurich,hardened,1234,66.506493,25.725239,47.401532,8.581826,2346.5934,15.6800
amman_query_29zY5U3MUbO3wTjTTKF93w,amman:22,amman,hardened,1234,31.718201,35.793800,31.940472,35.848048,25.2412,15.6800
boston_query_-U0JJudMztDrvqfppyEl9A,boston:87,boston,hardened,1234,37.840157,-122.291389,42.398411,-71.107571,4315.7323,15.6800
cph_query_-To5emQUYvNlwdgB1hEVfQ,cph:279,cph,hardened,1234,24.603233,120.736557,55.718131,12.629115,8823.1526,15.6800
london_query_07Mt7j9hZm17z2pXB3QAXA,london:122,london,hardened,1234,51.513023,-0.379049,51.532439,-0.058334,22.2937,15.6800
manila_query_-YADzGuflGFk0TrwgbgGQA,manila:82,manila,hardened,1234,6.169169,-75.578392,14.613800,121.039442,17065.8142,15.6800
nairobi_query_3VEngLiRuIRlzTCHOPvAqA,nairobi:4,nairobi,hardened,1234,33.571667,-7.598500,-1.290021,36.774941,6042.4139,15.6800
toronto_query_-KU5g574x3Cah05LVtG_Pw,toronto:418,toronto,hardened,1234,43.830570,-79.098564,43.653856,-79.692525,51.6026,15.6800
zurich_query_0YqWIRNZbPyTmppf5ZjyMw,zurich:25,zurich,hardened,1234,57.668911,12.294559,47.404022,8.598435,1168.0166,15.6800
amman_query_2E9XDGy6VTetR1O15tILdw,amman:11,amman,hardened,1234,31.718201,35.793800,32.028622,35.840299,34.7955,15.6800
boston_query_-U_cmO4sMoYmoNbCPpMXWw,boston:101,boston,hardened,1234,42.959332,-71.435165,42.359038,-71.100304,72.1477,15.6800
cph_query_-UByBh5hYhNn4_dsHy73aA,cph:342,cph,hardened,1234,59.301098,18.002163,55.663598,12.532676,519.7348,15.6800
london_query_07oSFXlZ9SfPsHwsEZQFtA,london:76,london,hardened,1234,51.558289,-0.178871,51.495353,-0.110898,8.4312,15.6800
manila_query_-YswrllPgEq1Q_LYD0mD0A,manila:181,manila,hardened,1234,14.274808,121.102959,14.585227,121.088327,34.5530,15.6800
nairobi_query_3sAf0a7Z9MFOX5NACNEfkA,nairobi:3,nairobi,hardened,1234,-6.364804,106.833961,-1.290074,36.771272,7788.5377,15.6800
toronto_query_-L3Zos1U2E6AA3-ZO_eESA,toronto:253,toronto,hardened,1234,45.347786,-75.919571,43.741070,-79.322043,323.4159,15.6800
zurich_query_0eG9-83f-Xafie9_84fDbg,zurich:105,zurich,hardened,1234,47.411621,8.551483,47.386150,8.514666,3.9624,15.6800
amman_query_2WNEczYwDdZlHE_2nYlE-A,amman:0,amman,hardened,1234,32.866646,13.197047,31.984538,35.832035,2122.6922,15.6800
boston_query_-VHXaQ_dj_14O-Bcn3u7zA,boston:171,boston,hardened,1234,42.238998,-71.164497,42.282054,-71.087700,7.9287,15.6800
cph_query_-UO7OuMXuwPBrMEXSsFhNA,cph:429,cph,hardened,1234,52.237713,5.173482,55.664782,12.546647,614.2618,15.6800
london_query_08wp6QepyximP9UuP-ijLg,london:78,london,hardened,1234,51.469662,-0.182927,51.510997,-0.106454,7.0113,15.6800
manila_query_-Z3CXTi1QhF_Ste8t8vrJA,manila:16,manila,hardened,1234,14.671822,120.934219,14.537343,120.999667,16.5287,15.6800
nairobi_query_3vVoHZDD0-kVhbBxDTYEjw,nairobi:10,nairobi,hardened,1234,50.527397,30.454102,-1.274072,36.800615,5791.5834,15.6800
toronto_query_-LZN7DIyP80uvFh2O8KVXw,toronto:366,toronto,hardened,1234,40.145599,-82.979729,43.611484,-79.754271,468.7783,15.6800
zurich_query_0g61-9tYhD3Y5qh7eiB92g,zurich:22,zurich,hardened,1234,36.665356,-121.811691,47.396472,8.472053,9443.3066,15.6800
amman_query_2amxr5vdbo4jgViAEELT_Q,amman:37,amman,hardened,1234,31.949841,35.922371,31.979358,35.916602,3.3271,15.6800
boston_query_-WNRbaGc8Yukh-LWnRNe5O,boston:99,boston,hardened,1234,42.304901,-71.219200,42.351007,-71.100628,11.0134,15.6800
cph_query_-V4aUy1yd0AbFfY-xX0BAg,cph:500,cph,hardened,1234,55.676037,12.568359,55.690224,12.555058,1.7844,15.6800
london_query_09P-tDZlSTWY4XNCcRZ_-g,london:129,london,hardened,1234,51.506279,-0.172449,51.505877,-0.186031,0.9411,15.6800
manila_query_-ZbYcdqL0C0ximLGFEriNA,manila:51,manila,hardened,1234,14.689217,121.089760,14.643414,121.031620,8.0656,15.6800
nairobi_query_3zSInmaUjlNkUR45dqrSLg,nairobi:10,nairobi,hardened,1234,8.990075,38.793133,-1.272900,36.801017,1162.3396,15.6800
toronto_query_-M3eMqHp0OhecS-hoh58aQ,toronto:354,toronto,hardened,1234,46.801117,-71.359634,43.652511,-79.767484,745.1928,15.6800
zurich_query_0gHh8OHgmM804LVr0Ocrag,zurich:35,zurich,hardened,1234,45.048367,11.785236,47.401725,8.459608,365.8952,15.6800
amman_query_2ar5B6f1xOYuU4wn7CLEJg,amman:18,amman,hardened,1234,32.869747,13.183218,32.015843,35.843284,2124.4821,15.6800
boston_query_-XLBZG628HbrD4FlfLBryQ,boston:237,boston,hardened,1234,42.351200,-71.079491,42.350380,-71.076154,0.2890,15.6800
cph_query_-VfD_cIsQvsNIbCy3tCgQQ,cph:375,cph,hardened,1234,53.075657,8.812129,55.674234,12.537675,376.3440,15.6800
london_query_0AbO1xvvOJRs1V3ReaDrNw,london:71,london,hardened,1234,52.633087,-1.134606,51.525594,-0.114269,141.5140,15.6800
manila_query_-ZyenisXeFL1kaebCpUNAQ,manila:59,manila,hardened,1234,13.786320,100.414612,14.506330,121.035425,2224.0976,15.6800
nairobi_query_42kd1bm9ZK0fwGacm_8O5A,nairobi:20,nairobi,hardened,1234,-1.040897,36.741028,-1.275602,36.889465,30.8777,15.6800
toronto_query_-MFll3mcOLNHfSZyGy5VIw,toronto:102,toronto,hardened,1234,43.653412,-79.402313,43.655244,-79.399200,0.3229,15.6800
zurich_query_0lHgqSrbw8SSQej38K9wpQ,zurich:48,zurich,hardened,1234,49.600124,6.220321,47.414431,8.438561,292.8398,15.6800
amman_query_2hq9evzmyg6GO86JGeo5kw,amman:32,amman,hardened,1234,10.667334,-71.602684,31.996165,35.884605,10982.0342,15.6800
boston_query_-XPoSJpI_X3ZlnZLz8JG4L,boston:168,boston,hardened,1234,42.304901,-71.219200,42.397111,-71.090982,14.7020,15.6800
cph_query_-VwsLi9Gs8ntflZjLfPkGw,cph:84,cph,hardened,1234,39.461437,-0.333055,55.670993,12.575532,2038.5545,15.6800
london_query_0BjBFV4G9jdMJlEMqshzoA,london:85,london,hardened,1234,51.464409,-0.185050,51.546659,-0.103991,10.7295,15.6800
manila_query_-aK1h18UZREBqmVQH9KSvw,manila:163,manila,hardened,1234,15.772430,120.735794,14.644005,121.074823,130.6422,15.6800
nairobi_query_479Or7jRwWHujnR6N21HGg,nairobi:10,nairobi,hardened,1234,-6.395979,106.835999,-1.274158,36.800546,7785.7809,15.6800
toronto_query_-MnI6OlC-vX0Wm56nVPN1A,toronto:200,toronto,hardened,1234,43.648335,-79.398331,43.662189,-79.352775,3.9756,15.6800
zurich_query_0nVsH-6SH_FHslcVrikkwQ,zurich:79,zurich,hardened,1234,47.241512,8.621435,47.359789,8.451722,18.3507,15.6800
amman_query_2lABfkOBYPSLZkKhyRxYdA,amman:6,amman,hardened,1234,32.866646,13.197047,31.970988,35.840493,2123.7100,15.6800
boston_query_-XVMoSt8xs2FUh9JzquX6A,boston:210,boston,hardened,1234,42.345669,-71.081650,42.338875,-71.080848,0.7584,15.6800
cph_query_-WFB24C5ns0vkkGHGvN40A,cph:137,cph,hardened,1234,58.591072,16.185436,55.695777,12.588827,388.1134,15.6800
london_query_0CaaImFsIdNZjpg8oBPgsQ,london:29,london,hardened,1234,51.493500,-0.145833,51.525090,-0.138151,3.5527,15.6800
manila_query_-cNGgBgyFrf92tQ2SjMnVw,manila:46,manila,hardened,1234,14.854255,120.301544,14.603878,121.031301,83.2707,15.6800
nairobi_query_4EL0OPwVmp4k2zCpl9_c_A,nairobi:15,nairobi,hardened,1234,24.857235,67.010933,-1.269514,36.816288,4360.8716,15.6800
toronto_query_-MvRj243NBTPnognhgb4Cg,toronto:421,toronto,hardened,1234,42.351036,-83.415451,43.617329,-79.690721,334.0613,15.6800
zurich_query_0qoNSI3UUj6VR3TM7c0Peg,zurich:38,zurich,hardened,1234,46.942474,7.374454,47.409862,8.550050,102.9378,15.6800
amman_query_2o7YcP9UAqSU1ygtK33BfQ,amman:31,amman,hardened,1234,29.313307,48.021240,31.998442,35.881033,1198.2804,15.6800
boston_query_-YC7UljP-400uMusDPAb5o,boston:244,boston,hardened,1234,42.304901,-71.219200,42.332214,-71.158804,5.8209,15.6800
cph_query_-WSWmgHuo6qPHzHxqzEe1A,cph:119,cph,hardened,1234,55.725639,12.572269,55.662846,12.581247,7.0050,15.6800
london_query_0EzKuKNIcxIWax_duM0EWw,london:23,london,hardened,1234,51.513561,-0.141000,51.514288,-0.150085,0.6338,15.6800
manila_query_-cmAo9dkimIih2B7T4UHfg,manila:140,manila,hardened,1234,-6.372809,106.834541,14.588776,121.065878,2809.9248,15.6800
nairobi_query_4Scm9UylRL9Edyu3ZemB9A,nairobi:8,nairobi,hardened,1234,37.194164,-8.900834,-1.277583,36.792592,6352.0776,15.6800
toronto_query_-N8Ief4Q3CWSOSauaoVHkw,toronto:244,toronto,hardened,1234,43.734562,-79.258377,43.732170,-79.330982,5.8396,15.6800
zurich_query_0yT0tESrImO18FH9C5STzg,zurich:42,zurich,hardened,1234,50.074467,8.369318,47.409427,8.584394,296.7582,15.6800
amman_query_2pCCoWfi0AP_93cYLKD9sA,amman:1,amman,hardened,1234,31.787281,35.196247,31.991647,35.830404,64.0396,15.6800
boston_query_-YNCuOIwfe745OWl27FQZQ,boston:249,boston,hardened,1234,42.393478,-71.118942,42.347016,-71.161690,6.2470,15.6800
cph_query_-XYLPst0OjYGoPVJKGP1aA,cph:33,cph,hardened,1234,55.665817,12.550334,55.713122,12.563252,5.3220,15.6800
london_query_0IFxmIDIkGlB0FShcszAfw,london:129,london,hardened,1234,51.506279,-0.172449,51.507311,-0.186611,0.9868,15.6800
manila_query_-dvVr_QHKim5_WyUsv_Z4A,manila:142,manila,hardened,1234,14.274808,121.102959,14.549127,121.063777,30.7934,15.6800
nairobi_query_4_8wDQ5TQuzz_jEJKVIl0Q,nairobi:20,nairobi,hardened,1234,-1.040897,36.741028,-1.275739,36.888351,30.8245,15.6800
toronto_query_-OZxhiQ5zPqGdSRrqUMKfQ,toronto:151,toronto,hardened,1234,43.794666,-89.327499,43.750529,-79.375349,798.6214,15.6800
zurich_query_0zEmJXMA03W0EBFP74wRVQ,zurich:60,zurich,hardened,1234,47.230877,8.950595,47.418900,8.436121,44.0541,15.6800
amman_query_2pZlZDNh_3B-gECdtvklWQ,amman:29,amman,hardened,1234,24.707031,46.675243,31.958628,35.853315,1329.8543,15.6800
boston_query_-Zk-uQZzECPhvd8WV6mxhQ,boston:216,boston,hardened,1234,42.361073,-71.088547,42.365703,-71.082873,0.6945,15.6800
cph_query_-YjbrleIz5WKWE1Rmmo4fg,cph:279,cph,hardened,1234,24.603233,120.736557,55.717856,12.628512,8823.2004,15.6800
london_query_0LQj6exgKdVQbIBlQAVcrw,london:73,london,hardened,1234,51.488117,-0.159988,51.482004,-0.112250,3.3747,15.6800
manila_query_-fizm8lmdD_ORe0_j5qnJQ,manila:6,manila,hardened,1234,18.443535,-66.023056,14.541267,120.988322,16267.7732,15.6800
nairobi_query_4otBu8pxIHc7lXwh66bqHQ,nairobi:2,nairobi,hardened,1234,-24.929451,-53.856396,-1.365466,36.766553,10006.3611,15.6800
toronto_query_-Pkw8dqFfD76K-CZ7pnCVQ,toronto:258,toronto,hardened,1234,43.728840,-79.278191,43.741560,-79.314642,3.2523,15.6800
zurich_query_1-8NWRY7HPTPq2lkQitPfw,zurich:103,zurich,hardened,1234,47.499783,8.729211,47.385911,8.528439,19.7053,15.6800
amman_query_2rTDzpKAZdmx5K2aSyos9w,amman:11,amman,hardened,1234,32.221226,35.552444,32.029197,35.840228,34.5018,15.6800
boston_query_-_69BJwJSLQGnzQD20QsOg,boston:27,boston,hardened,1234,41.039661,-73.638550,42.319463,-71.117147,253.1608,15.6800
cph_query_-YnFOjTmnQhpLwXt2EJ1QQ,cph:264,cph,hardened,1234,58.100105,-68.417526,55.717748,12.619561,4625.1610,15.6800
london_query_0M3fNwl2Fi82PVH3lDRsCg,london:34,london,hardened,1234,51.547783,-0.180904,51.544903,-0.134523,3.2232,15.6800
manila_query_-hNuMbgiWK_ZPELfuWj5FQ,manila:89,manila,hardened,1234,14.609620,121.005890,14.557313,121.039572,6.8532,15.6800
nairobi_query_5ISN1dRvjgJI9rd6GbusNQ,nairobi:3,nairobi,hardened,1234,-1.283576,36.821365,-1.290143,36.773408,5.3810,15.6800
toronto_query_-PuMS2UqNh7dbLLfWE37yg,toronto:273,toronto,hardened,1234,46.250927,20.153496,43.666244,-79.298147,7269.7407,15.6800
zurich_query_1-TXtjFv1nAkC2AZXfhuDg,zurich:23,zurich,hardened,1234,47.238808,8.737808,47.398103,8.535191,23.3886,15.6800
