query_id,condition,seed,sanitizer,objective,correct_rank,top1_place,correct_place,effective_mse,psnr
manila_query_-10kuZ2TqVxJ-YLQJl2uqA,isotropic,1234,none,self,25,manila:135,manila:102,15.680000,36.1773
manila_query_-10kuZ2TqVxJ-YLQJl2uqA,transfer_3,1234,none,self,34,manila:190,manila:102,15.680000,36.1773
manila_query_-10kuZ2TqVxJ-YLQJl2uqA,isotropic,5678,none,self,25,manila:135,manila:102,15.680000,36.1773
manila_query_-10kuZ2TqVxJ-YLQJl2uqA,transfer_3,5678,none,self,24,manila:190,manila:102,15.679997,36.1773
manila_query_-10kuZ2TqVxJ-YLQJl2uqA,isotropic,9012,none,self,25,manila:135,manila:102,15.680000,36.1773
manila_query_-10kuZ2TqVxJ-YLQJl2uqA,transfer_3,9012,none,self,45,manila:190,manila:102,15.680001,36.1773
manila_query_-10rV9IlRhgTnk5e_QJbgA,isotropic,1234,none,self,129,manila:116,manila:142,15.680001,36.1773
manila_query_-10rV9IlRhgTnk5e_QJbgA,transfer_3,1234,none,self,138,manila:82,manila:142,15.679998,36.1773
manila_query_-10rV9IlRhgTnk5e_QJbgA,isotropic,5678,none,self,136,manila:116,manila:142,15.679996,36.1773
manila_query_-10rV9IlRhgTnk5e_QJbgA,transfer_3,5678,none,self,77,manila:190,manila:142,15.680000,36.1773
manila_query_-10rV9IlRhgTnk5e_QJbgA,isotropic,9012,none,self,117,manila:116,manila:142,15.680002,36.1773
manila_query_-10rV9IlRhgTnk5e_QJbgA,transfer_3,9012,none,self,172,manila:190,manila:142,15.679998,36.1773
manila_query_-2h231ovohZWmrsaBllNyw,isotropic,1234,none,self,15,manila:160,manila:177,15.680000,36.1773
manila_query_-2h231ovohZWmrsaBllNyw,transfer_3,1234,none,self,29,manila:173,manila:177,15.679998,36.1773
manila_query_-2h231ovohZWmrsaBllNyw,isotropic,5678,none,self,14,manila:171,manila:177,15.680000,36.1773
manila_query_-2h231ovohZWmrsaBllNyw,transfer_3,5678,none,self,31,manila:190,manila:177,15.679997,36.1773
manila_query_-2h231ovohZWmrsaBllNyw,isotropic,9012,none,self,17,manila:160,manila:177,15.680000,36.1773
manila_query_-2h231ovohZWmrsaBllNyw,transfer_3,9012,none,self,16,manila:72,manila:177,15.679997,36.1773
manila_query_-3H2xPWPOqn_dCF2Lz5EtQ,isotropic,1234,none,self,56,manila:177,manila:160,15.679997,36.1773
manila_query_-3H2xPWPOqn_dCF2Lz5EtQ,transfer_3,1234,none,self,8,manila:102,manila:160,15.680000,36.1773
manila_query_-3H2xPWPOqn_dCF2Lz5EtQ,isotropic,5678,none,self,67,manila:177,manila:160,15.679997,36.1773
manila_query_-3H2xPWPOqn_dCF2Lz5EtQ,transfer_3,5678,none,self,84,manila:102,manila:160,15.680000,36.1773
manila_query_-3H2xPWPOqn_dCF2Lz5EtQ,isotropic,9012,none,self,71,manila:177,manila:160,15.679995,36.1773
manila_query_-3H2xPWPOqn_dCF2Lz5EtQ,transfer_3,9012,none,self,4,manila:102,manila:160,15.680000,36.1773
manila_query_-5pMypBbFEXHPOTYNJl_EA,isotropic,1234,none,self,1,manila:116,manila:116,15.679997,36.1773
manila_query_-5pMypBbFEXHPOTYNJl_EA,transfer_3,1234,none,self,32,manila:89,manila:116,15.680000,36.1773
manila_query_-5pMypBbFEXHPOTYNJl_EA,isotropic,5678,none,self,1,manila:116,manila:116,15.679996,36.1773
manila_query_-5pMypBbFEXHPOTYNJl_EA,transfer_3,5678,none,self,6,manila:135,manila:116,15.680000,36.1773
manila_query_-5pMypBbFEXHPOTYNJl_EA,isotropic,9012,none,self,1,manila:116,manila:116,15.680001,36.1773
manila_query_-5pMypBbFEXHPOTYNJl_EA,transfer_3,9012,none,self,2,manila:135,manila:116,15.679998,36.1773
manila_query_-6NSbTuzpeyDbSXKeGAasg,isotropic,1234,none,self,1,manila:190,manila:190,15.680000,36.1773
manila_query_-6NSbTuzpeyDbSXKeGAasg,transfer_3,1234,none,self,3,manila:72,manila:190,15.679997,36.1773
manila_query_-6NSbTuzpeyDbSXKeGAasg,isotropic,5678,none,self,1,manila:190,manila:190,15.679997,36.1773
manila_query_-6NSbTuzpeyDbSXKeGAasg,transfer_3,5678,none,self,2,manila:67,manila:190,15.679997,36.1773
manila_query_-6NSbTuzpeyDbSXKeGAasg,isotropic,9012,none,self,1,manila:190,manila:190,15.679997,36.1773
manila_query_-6NSbTuzpeyDbSXKeGAasg,transfer_3,9012,none,self,1,manila:190,manila:190,15.679997,36.1773
manila_query_-6_2C-ExaVhx4ONvHOvffw,isotropic,1234,none,self,82,manila:33,manila:67,15.680002,36.1773
manila_query_-6_2C-ExaVhx4ONvHOvffw,transfer_3,1234,none,self,13,manila:33,manila:67,15.679998,36.1773
manila_query_-6_2C-ExaVhx4ONvHOvffw,isotropic,5678,none,self,91,manila:33,manila:67,15.680001,36.1773
manila_query_-6_2C-ExaVhx4ONvHOvffw,transfer_3,5678,none,self,32,manila:33,manila:67,15.680000,36.1773
manila_query_-6_2C-ExaVhx4ONvHOvffw,isotropic,9012,none,self,95,manila:33,manila:67,15.680001,36.1773
manila_query_-6_2C-ExaVhx4ONvHOvffw,transfer_3,9012,none,self,26,manila:177,manila:67,15.679997,36.1773
manila_query_-6_XaKv0Rrp2Jl0G9m_8NQ,isotropic,1234,none,self,2,manila:116,manila:88,15.679998,36.1773
manila_query_-6_XaKv0Rrp2Jl0G9m_8NQ,transfer_3,1234,none,self,126,manila:46,manila:88,15.679997,36.1773
manila_query_-6_XaKv0Rrp2Jl0G9m_8NQ,isotropic,5678,none,self,3,manila:116,manila:88,15.679997,36.1773
manila_query_-6_XaKv0Rrp2Jl0G9m_8NQ,transfer_3,5678,none,self,132,manila:143,manila:88,15.680000,36.1773
manila_query_-6_XaKv0Rrp2Jl0G9m_8NQ,isotropic,9012,none,self,6,manila:116,manila:88,15.679998,36.1773
manila_query_-6_XaKv0Rrp2Jl0G9m_8NQ,transfer_3,9012,none,self,195,manila:153,manila:88,15.680000,36.1773
manila_query_-7YHsOWBiYFmYcRzIM0ijg,isotropic,1234,none,self,1,manila:92,manila:92,15.679997,36.1773
manila_query_-7YHsOWBiYFmYcRzIM0ijg,transfer_3,1234,none,self,1,manila:92,manila:92,15.680000,36.1773
manila_query_-7YHsOWBiYFmYcRzIM0ijg,isotropic,5678,none,self,1,manila:92,manila:92,15.679998,36.1773
manila_query_-7YHsOWBiYFmYcRzIM0ijg,transfer_3,5678,none,self,10,manila:190,manila:92,15.680001,36.1773
manila_query_-7YHsOWBiYFmYcRzIM0ijg,isotropic,9012,none,self,1,manila:92,manila:92,15.679998,36.1773
manila_query_-7YHsOWBiYFmYcRzIM0ijg,transfer_3,9012,none,self,4,manila:87,manila:92,15.680001,36.1773
manila_query_-81llwEm_ZxNy7Sa7Xrjlw,isotropic,1234,none,self,11,manila:33,manila:53,15.679997,36.1773
manila_query_-81llwEm_ZxNy7Sa7Xrjlw,transfer_3,1234,none,self,46,manila:72,manila:53,15.680000,36.1773
manila_query_-81llwEm_ZxNy7Sa7Xrjlw,isotropic,5678,none,self,11,manila:33,manila:53,15.679996,36.1773
manila_query_-81llwEm_ZxNy7Sa7Xrjlw,transfer_3,5678,none,self,9,manila:46,manila:53,15.679998,36.1773
manila_query_-81llwEm_ZxNy7Sa7Xrjlw,isotropic,9012,none,self,7,manila:33,manila:53,15.680000,36.1773
manila_query_-81llwEm_ZxNy7Sa7Xrjlw,transfer_3,9012,none,self,3,manila:46,manila:53,15.680000,36.1773
manila_query_-85J_HceaTP2S0IavwkQ-A,isotropic,1234,none,self,160,manila:173,manila:119,15.680000,36.1773
manila_query_-85J_HceaTP2S0IavwkQ-A,transfer_3,1234,none,self,173,manila:72,manila:119,15.680000,36.1773
manila_query_-85J_HceaTP2S0IavwkQ-A,isotropic,5678,none,self,153,manila:173,manila:119,15.679997,36.1773
manila_query_-85J_HceaTP2S0IavwkQ-A,transfer_3,5678,none,self,136,manila:190,manila:119,15.679996,36.1773
manila_query_-85J_HceaTP2S0IavwkQ-A,isotropic,9012,none,self,175,manila:173,manila:119,15.679996,36.1773
manila_query_-85J_HceaTP2S0IavwkQ-A,transfer_3,9012,none,self,201,manila:190,manila:119,15.679997,36.1773
manila_query_-9tG6ERjH4jVcWo9jkVvBg,isotropic,1234,none,self,2,manila:190,manila:29,15.680000,36.1773
manila_query_-9tG6ERjH4jVcWo9jkVvBg,transfer_3,1234,none,self,6,manila:72,manila:29,15.680000,36.1773
manila_query_-9tG6ERjH4jVcWo9jkVvBg,isotropic,5678,none,self,2,manila:190,manila:29,15.679997,36.1773
manila_query_-9tG6ERjH4jVcWo9jkVvBg,transfer_3,5678,none,self,14,manila:190,manila:29,15.680000,36.1773
manila_query_-9tG6ERjH4jVcWo9jkVvBg,isotropic,9012,none,self,1,manila:29,manila:29,15.679998,36.1773
manila_query_-9tG6ERjH4jVcWo9jkVvBg,transfer_3,9012,none,self,10,manila:72,manila:29,15.679997,36.1773
manila_query_-AXkFLZ0HchDGYvJ_KZ3dQ,isotropic,1234,none,self,5,manila:29,manila:13,15.680000,36.1773
manila_query_-AXkFLZ0HchDGYvJ_KZ3dQ,transfer_3,1234,none,self,5,manila:29,manila:13,15.680000,36.1773
manila_query_-AXkFLZ0HchDGYvJ_KZ3dQ,isotropic,5678,none,self,4,manila:29,manila:13,15.679998,36.1773
manila_query_-AXkFLZ0HchDGYvJ_KZ3dQ,transfer_3,5678,none,self,30,manila:54,manila:13,15.680001,36.1773
manila_query_-AXkFLZ0HchDGYvJ_KZ3dQ,isotropic,9012,none,self,3,manila:29,manila:13,15.680000,36.1773
manila_query_-AXkFLZ0HchDGYvJ_KZ3dQ,transfer_3,9012,none,self,3,manila:54,manila:13,15.680000,36.1773
manila_query_-ColYSDtqqoE3TZ4eZHu8g,isotropic,1234,none,self,58,manila:134,manila:189,15.680000,36.1773
manila_query_-ColYSDtqqoE3TZ4eZHu8g,transfer_3,1234,none,self,15,manila:153,manila:189,15.679997,36.1773
manila_query_-ColYSDtqqoE3TZ4eZHu8g,isotropic,5678,none,self,53,manila:134,manila:189,15.680000,36.1773
manila_query_-ColYSDtqqoE3TZ4eZHu8g,transfer_3,5678,none,self,5,manila:135,manila:189,15.680001,36.1773
manila_query_-ColYSDtqqoE3TZ4eZHu8g,isotropic,9012,none,self,44,manila:134,manila:189,15.679998,36.1773
manila_query_-ColYSDtqqoE3TZ4eZHu8g,transfer_3,9012,none,self,26,manila:190,manila:189,15.679997,36.1773
manila_query_-ELxcda6ePiuO6nR3VP3-A,isotropic,1234,none,self,2,manila:33,manila:20,15.680000,36.1773
manila_query_-ELxcda6ePiuO6nR3VP3-A,transfer_3,1234,none,self,15,manila:190,manila:20,15.680000,36.1773
manila_query_-ELxcda6ePiuO6nR3VP3-A,isotropic,5678,none,self,2,manila:33,manila:20,15.680001,36.1773
manila_query_-ELxcda6ePiuO6nR3VP3-A,transfer_3,5678,none,self,15,manila:190,manila:20,15.679997,36.1773
manila_query_-ELxcda6ePiuO6nR3VP3-A,isotropic,9012,none,self,2,manila:33,manila:20,15.679998,36.1773
manila_query_-ELxcda6ePiuO6nR3VP3-A,transfer_3,9012,none,self,18,manila:142,manila:20,15.679998,36.1773
manila_query_-EVOy4h35ZUyBK4r6uBM5g,isotropic,1234,none,self,30,manila:29,manila:15,15.680000,36.1773
manila_query_-EVOy4h35ZUyBK4r6uBM5g,transfer_3,1234,none,self,247,manila:181,manila:15,15.679997,36.1773
manila_query_-EVOy4h35ZUyBK4r6uBM5g,isotropic,5678,none,self,37,manila:29,manila:15,15.679997,36.1773
manila_query_-EVOy4h35ZUyBK4r6uBM5g,transfer_3,5678,none,self,163,manila:153,manila:15,15.679997,36.1773
manila_query_-EVOy4h35ZUyBK4r6uBM5g,isotropic,9012,none,self,33,manila:29,manila:15,15.680001,36.1773
manila_query_-EVOy4h35ZUyBK4r6uBM5g,transfer_3,9012,none,self,190,manila:160,manila:15,15.679997,36.1773
manila_query_-EthLwRJMwt-Shb-xpIYlA,isotropic,1234,none,self,183,manila:190,manila:119,15.680000,36.1773
manila_query_-EthLwRJMwt-Shb-xpIYlA,transfer_3,1234,none,self,165,manila:190,manila:119,15.680001,36.1773
manila_query_-EthLwRJMwt-Shb-xpIYlA,isotropic,5678,none,self,190,manila:190,manila:119,15.679997,36.1773
manila_query_-EthLwRJMwt-Shb-xpIYlA,transfer_3,5678,none,self,176,manila:190,manila:119,15.680000,36.1773
manila_query_-EthLwRJMwt-Shb-xpIYlA,isotropic,9012,none,self,184,manila:190,manila:119,15.679996,36.1773
manila_query_-EthLwRJMwt-Shb-xpIYlA,transfer_3,9012,none,self,197,manila:160,manila:119,15.680002,36.1773
manila_query_-GD9SrklFbEy7mNAK9uIXg,isotropic,1234,none,self,8,manila:72,manila:143,15.679998,36.1773
manila_query_-GD9SrklFbEy7mNAK9uIXg,transfer_3,1234,none,self,3,manila:135,manila:143,15.680000,36.1773
manila_query_-GD9SrklFbEy7mNAK9uIXg,isotropic,5678,none,self,13,manila:72,manila:143,15.679997,36.1773
manila_query_-GD9SrklFbEy7mNAK9uIXg,transfer_3,5678,none,self,6,manila:72,manila:143,15.680000,36.1773
manila_query_-GD9SrklFbEy7mNAK9uIXg,isotropic,9012,none,self,9,manila:72,manila:143,15.679998,36.1773
manila_query_-GD9SrklFbEy7mNAK9uIXg,transfer_3,9012,none,self,3,manila:72,manila:143,15.679997,36.1773
manila_query_-GRDcYlSjwLZPQ0LqKatqA,isotropic,1234,none,self,76,manila:140,manila:171,15.680000,36.1773
manila_query_-GRDcYlSjwLZPQ0LqKatqA,transfer_3,1234,none,self,63,manila:67,manila:171,15.679996,36.1773
manila_query_-GRDcYlSjwLZPQ0LqKatqA,isotropic,5678,none,self,68,manila:140,manila:171,15.680000,36.1773
manila_query_-GRDcYlSjwLZPQ0LqKatqA,transfer_3,5678,none,self,95,manila:67,manila:171,15.680000,36.1773
manila_query_-GRDcYlSjwLZPQ0LqKatqA,isotropic,9012,none,self,75,manila:140,manila:171,15.679997,36.1773
manila_query_-GRDcYlSjwLZPQ0LqKatqA,transfer_3,9012,none,self,46,manila:67,manila:171,15.680000,36.1773
manila_query_-GYvqZ8BYSfzGUbFI13obA,isotropic,1234,none,self,30,manila:51,manila:109,15.680000,36.1773
manila_query_-GYvqZ8BYSfzGUbFI13obA,transfer_3,1234,none,self,142,manila:51,manila:109,15.680001,36.1773
manila_query_-GYvqZ8BYSfzGUbFI13obA,isotropic,5678,none,self,27,manila:33,manila:109,15.680000,36.1773
manila_query_-GYvqZ8BYSfzGUbFI13obA,transfer_3,5678,none,self,25,manila:51,manila:109,15.680002,36.1773
manila_query_-GYvqZ8BYSfzGUbFI13obA,isotropic,9012,none,self,27,manila:51,manila:109,15.680000,36.1773
manila_query_-GYvqZ8BYSfzGUbFI13obA,transfer_3,9012,none,self,101,manila:51,manila:109,15.680000,36.1773
manila_query_-HF88JWAO1GDy0F6B4ZeZg,isotropic,1234,none,self,15,manila:134,manila:202,15.679998,36.1773
manila_query_-HF88JWAO1GDy0F6B4ZeZg,transfer_3,1234,none,self,177,manila:190,manila:202,15.679997,36.1773
manila_query_-HF88JWAO1GDy0F6B4ZeZg,isotropic,5678,none,self,14,manila:134,manila:202,15.680000,36.1773
manila_query_-HF88JWAO1GDy0F6B4ZeZg,transfer_3,5678,none,self,159,manila:190,manila:202,15.679998,36.1773
manila_query_-HF88JWAO1GDy0F6B4ZeZg,isotropic,9012,none,self,16,manila:134,manila:202,15.679997,36.1773
manila_query_-HF88JWAO1GDy0F6B4ZeZg,transfer_3,9012,none,self,159,manila:190,manila:202,15.679997,36.1773
manila_query_-KU1q5fdqSI_GghxKumbeg,isotropic,1234,none,self,63,manila:173,manila:67,15.679997,36.1773
manila_query_-KU1q5fdqSI_GghxKumbeg,transfer_3,1234,none,self,9,manila:190,manila:67,15.680000,36.1773
manila_query_-KU1q5fdqSI_GghxKumbeg,isotropic,5678,none,self,59,manila:173,manila:67,15.680000,36.1773
manila_query_-KU1q5fdqSI_GghxKumbeg,transfer_3,5678,none,self,37,manila:190,manila:67,15.679998,36.1773
manila_query_-KU1q5fdqSI_GghxKumbeg,isotropic,9012,none,self,68,manila:173,manila:67,15.680002,36.1773
manila_query_-KU1q5fdqSI_GghxKumbeg,transfer_3,9012,none,self,47,manila:190,manila:67,15.679998,36.1773
manila_query_-KoSUCrB2w1FscwO9vyRlw,isotropic,1234,none,self,98,manila:29,manila:31,15.680000,36.1773
manila_query_-KoSUCrB2w1FscwO9vyRlw,transfer_3,1234,none,self,110,manila:72,manila:31,15.679996,36.1773
manila_query_-KoSUCrB2w1FscwO9vyRlw,isotropic,5678,none,self,86,manila:29,manila:31,15.680000,36.1773
manila_query_-KoSUCrB2w1FscwO9vyRlw,transfer_3,5678,none,self,114,manila:72,manila:31,15.680000,36.1773
manila_query_-KoSUCrB2w1FscwO9vyRlw,isotropic,9012,none,self,88,manila:29,manila:31,15.680000,36.1773
manila_query_-KoSUCrB2w1FscwO9vyRlw,transfer_3,9012,none,self,89,manila:190,manila:31,15.680002,36.1773
manila_query_-LBCdeO8C8kj5IjX1m3XTA,isotropic,1234,none,self,46,manila:134,manila:173,15.680000,36.1773
manila_query_-LBCdeO8C8kj5IjX1m3XTA,transfer_3,1234,none,self,121,manila:134,manila:173,15.680000,36.1773
manila_query_-LBCdeO8C8kj5IjX1m3XTA,isotropic,5678,none,self,54,manila:134,manila:173,15.679996,36.1773
manila_query_-LBCdeO8C8kj5IjX1m3XTA,transfer_3,5678,none,self,50,manila:177,manila:173,15.679998,36.1773
manila_query_-LBCdeO8C8kj5IjX1m3XTA,isotropic,9012,none,self,61,manila:134,manila:173,15.679997,36.1773
manila_query_-LBCdeO8C8kj5IjX1m3XTA,transfer_3,9012,none,self,94,manila:134,manila:173,15.680001,36.1773
manila_query_-MH02w7P6jmmqnoUdL-55Q,isotropic,1234,none,self,23,manila:33,manila:72,15.680001,36.1773
manila_query_-MH02w7P6jmmqnoUdL-55Q,transfer_3,1234,none,self,6,manila:171,manila:72,15.680000,36.1773
manila_query_-MH02w7P6jmmqnoUdL-55Q,isotropic,5678,none,self,23,manila:33,manila:72,15.680002,36.1773
manila_query_-MH02w7P6jmmqnoUdL-55Q,transfer_3,5678,none,self,18,manila:142,manila:72,15.680000,36.1773
manila_query_-MH02w7P6jmmqnoUdL-55Q,isotropic,9012,none,self,20,manila:33,manila:72,15.680000,36.1773
manila_query_-MH02w7P6jmmqnoUdL-55Q,transfer_3,9012,none,self,7,manila:102,manila:72,15.679997,36.1773
manila_query_-MKMMHEd33H1_45AJ8B5AA,isotropic,1234,none,self,3,manila:33,manila:20,15.680002,36.1773
manila_query_-MKMMHEd33H1_45AJ8B5AA,transfer_3,1234,none,self,24,manila:190,manila:20,15.680000,36.1773
manila_query_-MKMMHEd33H1_45AJ8B5AA,isotropic,5678,none,self,2,manila:33,manila:20,15.679997,36.1773
manila_query_-MKMMHEd33H1_45AJ8B5AA,transfer_3,5678,none,self,13,manila:142,manila:20,15.679998,36.1773
manila_query_-MKMMHEd33H1_45AJ8B5AA,isotropic,9012,none,self,4,manila:33,manila:20,15.679997,36.1773
manila_query_-MKMMHEd33H1_45AJ8B5AA,transfer_3,9012,none,self,5,manila:190,manila:20,15.679997,36.1773
manila_query_-N4wDG2Fhm38ZVy0hGp8_A,isotropic,1234,none,self,29,manila:6,manila:106,15.679998,36.1773
manila_query_-N4wDG2Fhm38ZVy0hGp8_A,transfer_3,1234,none,self,4,manila:67,manila:106,15.679996,36.1773
manila_query_-N4wDG2Fhm38ZVy0hGp8_A,isotropic,5678,none,self,33,manila:6,manila:106,15.680000,36.1773
manila_query_-N4wDG2Fhm38ZVy0hGp8_A,transfer_3,5678,none,self,23,manila:89,manila:106,15.680001,36.1773
manila_query_-N4wDG2Fhm38ZVy0hGp8_A,isotropic,9012,none,self,32,manila:6,manila:106,15.679997,36.1773
manila_query_-N4wDG2Fhm38ZVy0hGp8_A,transfer_3,9012,none,self,29,manila:67,manila:106,15.679997,36.1773
manila_query_-P2actpgy_mRkcbLVKBjkQ,isotropic,1234,none,self,3,manila:13,manila:94,15.679997,36.1773
manila_query_-P2actpgy_mRkcbLVKBjkQ,transfer_3,1234,none,self,54,manila:72,manila:94,15.680000,36.1773
manila_query_-P2actpgy_mRkcbLVKBjkQ,isotropic,5678,none,self,3,manila:135,manila:94,15.680000,36.1773
manila_query_-P2actpgy_mRkcbLVKBjkQ,transfer_3,5678,none,self,53,manila:72,manila:94,15.680000,36.1773
manila_query_-P2actpgy_mRkcbLVKBjkQ,isotropic,9012,none,self,1,manila:94,manila:94,15.680001,36.1773
manila_query_-P2actpgy_mRkcbLVKBjkQ,transfer_3,9012,none,self,89,manila:102,manila:94,15.680000,36.1773
manila_query_-PR9Q6-AlT31oRE_Ep_fnQ,isotropic,1234,none,self,19,manila:119,manila:135,15.679997,36.1773
manila_query_-PR9Q6-AlT31oRE_Ep_fnQ,transfer_3,1234,none,self,4,manila:54,manila:135,15.680000,36.1773
manila_query_-PR9Q6-AlT31oRE_Ep_fnQ,isotropic,5678,none,self,25,manila:116,manila:135,15.680000,36.1773
manila_query_-PR9Q6-AlT31oRE_Ep_fnQ,transfer_3,5678,none,self,3,manila:54,manila:135,15.680000,36.1773
manila_query_-PR9Q6-AlT31oRE_Ep_fnQ,isotropic,9012,none,self,19,manila:116,manila:135,15.679998,36.1773
manila_query_-PR9Q6-AlT31oRE_Ep_fnQ,transfer_3,9012,none,self,7,manila:181,manila:135,15.679998,36.1773
manila_query_-Qc1bZWefrpkNPZ60zZS5Q,isotropic,1234,none,self,6,manila:171,manila:23,15.680000,36.1773
manila_query_-Qc1bZWefrpkNPZ60zZS5Q,transfer_3,1234,none,self,22,manila:160,manila:23,15.679998,36.1773
manila_query_-Qc1bZWefrpkNPZ60zZS5Q,isotropic,5678,none,self,4,manila:171,manila:23,15.679996,36.1773
manila_query_-Qc1bZWefrpkNPZ60zZS5Q,transfer_3,5678,none,self,78,manila:160,manila:23,15.680002,36.1773
manila_query_-Qc1bZWefrpkNPZ60zZS5Q,isotropic,9012,none,self,2,manila:190,manila:23,15.680002,36.1773
manila_query_-Qc1bZWefrpkNPZ60zZS5Q,transfer_3,9012,none,self,71,manila:72,manila:23,15.680001,36.1773
manila_query_-QdSFqylfs0aHx31jOvTVg,isotropic,1234,none,self,1,manila:183,manila:183,15.680000,36.1773
manila_query_-QdSFqylfs0aHx31jOvTVg,transfer_3,1234,none,self,1,manila:183,manila:183,15.679997,36.1773
manila_query_-QdSFqylfs0aHx31jOvTVg,isotropic,5678,none,self,1,manila:183,manila:183,15.679998,36.1773
manila_query_-QdSFqylfs0aHx31jOvTVg,transfer_3,5678,none,self,1,manila:183,manila:183,15.679998,36.1773
manila_query_-QdSFqylfs0aHx31jOvTVg,isotropic,9012,none,self,2,manila:171,manila:183,15.679998,36.1773
manila_query_-QdSFqylfs0aHx31jOvTVg,transfer_3,9012,none,self,1,manila:183,manila:183,15.680000,36.1773
manila_query_-QvNwUfMuYwx4zaJzG9hHA,isotropic,1234,none,self,2,manila:190,manila:134,15.680000,36.1773
manila_query_-QvNwUfMuYwx4zaJzG9hHA,transfer_3,1234,none,self,46,manila:190,manila:134,15.679997,36.1773
manila_query_-QvNwUfMuYwx4zaJzG9hHA,isotropic,5678,none,self,2,manila:190,manila:134,15.680000,36.1773
manila_query_-QvNwUfMuYwx4zaJzG9hHA,transfer_3,5678,none,self,31,manila:190,manila:134,15.679997,36.1773
manila_query_-QvNwUfMuYwx4zaJzG9hHA,isotropic,9012,none,self,2,manila:190,manila:134,15.679998,36.1773
manila_query_-QvNwUfMuYwx4zaJzG9hHA,transfer_3,9012,none,self,8,manila:190,manila:134,15.679997,36.1773
manila_query_-RZzhLSoiUGq-PShtIhzxw,isotropic,1234,none,self,14,manila:6,manila:54,15.679997,36.1773
manila_query_-RZzhLSoiUGq-PShtIhzxw,transfer_3,1234,none,self,22,manila:190,manila:54,15.679997,36.1773
manila_query_-RZzhLSoiUGq-PShtIhzxw,isotropic,5678,none,self,16,manila:6,manila:54,15.680000,36.1773
manila_query_-RZzhLSoiUGq-PShtIhzxw,transfer_3,5678,none,self,5,manila:6,manila:54,15.679998,36.1773
manila_query_-RZzhLSoiUGq-PShtIhzxw,isotropic,9012,none,self,14,manila:6,manila:54,15.679997,36.1773
manila_query_-RZzhLSoiUGq-PShtIhzxw,transfer_3,9012,none,self,5,manila:6,manila:54,15.680001,36.1773
manila_query_-SSrBkppXcUPQnmvRyEZaA,isotropic,1234,none,self,198,manila:135,manila:102,15.679997,36.1773
manila_query_-SSrBkppXcUPQnmvRyEZaA,transfer_3,1234,none,self,34,manila:190,manila:102,15.680000,36.1773
manila_query_-SSrBkppXcUPQnmvRyEZaA,isotropic,5678,none,self,186,manila:135,manila:102,15.680000,36.1773
manila_query_-SSrBkppXcUPQnmvRyEZaA,transfer_3,5678,none,self,68,manila:190,manila:102,15.680000,36.1773
manila_query_-SSrBkppXcUPQnmvRyEZaA,isotropic,9012,none,self,189,manila:135,manila:102,15.680000,36.1773
manila_query_-SSrBkppXcUPQnmvRyEZaA,transfer_3,9012,none,self,75,manila:190,manila:102,15.680000,36.1773
manila_query_-Tmeby1UCsrkKNvVnN7L5g,isotropic,1234,none,self,62,manila:51,manila:87,15.680000,36.1773
manila_query_-Tmeby1UCsrkKNvVnN7L5g,transfer_3,1234,none,self,84,manila:41,manila:87,15.680000,36.1773
manila_query_-Tmeby1UCsrkKNvVnN7L5g,isotropic,5678,none,self,68,manila:51,manila:87,15.680001,36.1773
manila_query_-Tmeby1UCsrkKNvVnN7L5g,transfer_3,5678,none,self,91,manila:41,manila:87,15.679998,36.1773
manila_query_-Tmeby1UCsrkKNvVnN7L5g,isotropic,9012,none,self,68,manila:51,manila:87,15.680002,36.1773
manila_query_-Tmeby1UCsrkKNvVnN7L5g,transfer_3,9012,none,self,109,manila:41,manila:87,15.679997,36.1773
manila_query_-TrGJy3CeaXApOffGndlqg,isotropic,1234,none,self,21,manila:134,manila:41,15.680001,36.1773
manila_query_-TrGJy3CeaXApOffGndlqg,transfer_3,1234,none,self,1,manila:41,manila:41,15.679997,36.1773
manila_query_-TrGJy3CeaXApOffGndlqg,isotropic,5678,none,self,20,manila:134,manila:41,15.680002,36.1773
manila_query_-TrGJy3CeaXApOffGndlqg,transfer_3,5678,none,self,12,manila:134,manila:41,15.679997,36.1773
manila_query_-TrGJy3CeaXApOffGndlqg,isotropic,9012,none,self,17,manila:134,manila:41,15.680001,36.1773
manila_query_-TrGJy3CeaXApOffGndlqg,transfer_3,9012,none,self,7,manila:190,manila:41,15.680001,36.1773
manila_query_-Tvw2ZcjPmZrmxcJ3PNHwQ,isotropic,1234,none,self,1,manila:33,manila:33,15.680000,36.1773
manila_query_-Tvw2ZcjPmZrmxcJ3PNHwQ,transfer_3,1234,none,self,12,manila:190,manila:33,15.679997,36.1773
manila_query_-Tvw2ZcjPmZrmxcJ3PNHwQ,isotropic,5678,none,self,1,manila:33,manila:33,15.680000,36.1773
manila_query_-Tvw2ZcjPmZrmxcJ3PNHwQ,transfer_3,5678,none,self,7,manila:190,manila:33,15.679996,36.1773
manila_query_-Tvw2ZcjPmZrmxcJ3PNHwQ,isotropic,9012,none,self,1,manila:33,manila:33,15.680000,36.1773
manila_query_-Tvw2ZcjPmZrmxcJ3PNHwQ,transfer_3,9012,none,self,9,manila:190,manila:33,15.680002,36.1773
manila_query_-WlvwRIHM8K9xtN_z0FAGg,isotropic,1234,none,self,3,manila:89,manila:153,15.679997,36.1773
manila_query_-WlvwRIHM8K9xtN_z0FAGg,transfer_3,1234,none,self,7,manila:190,manila:153,15.679998,36.1773
manila_query_-WlvwRIHM8K9xtN_z0FAGg,isotropic,5678,none,self,2,manila:89,manila:153,15.679997,36.1773
manila_query_-WlvwRIHM8K9xtN_z0FAGg,transfer_3,5678,none,self,10,manila:13,manila:153,15.680000,36.1773
manila_query_-WlvwRIHM8K9xtN_z0FAGg,isotropic,9012,none,self,2,manila:89,manila:153,15.679998,36.1773
manila_query_-WlvwRIHM8K9xtN_z0FAGg,transfer_3,9012,none,self,2,manila:13,manila:153,15.679998,36.1773
manila_query_-WuLHZxOTWuUgVSb36RTng,isotropic,1234,none,self,45,manila:33,manila:132,15.679998,36.1773
manila_query_-WuLHZxOTWuUgVSb36RTng,transfer_3,1234,none,self,46,manila:82,manila:132,15.680000,36.1773
manila_query_-WuLHZxOTWuUgVSb36RTng,isotropic,5678,none,self,45,manila:33,manila:132,15.679998,36.1773
manila_query_-WuLHZxOTWuUgVSb36RTng,transfer_3,5678,none,self,14,manila:82,manila:132,15.679997,36.1773
manila_query_-WuLHZxOTWuUgVSb36RTng,isotropic,9012,none,self,46,manila:33,manila:132,15.680000,36.1773
manila_query_-WuLHZxOTWuUgVSb36RTng,transfer_3,9012,none,self,21,manila:72,manila:132,15.679997,36.1773
manila_query_-YADzGuflGFk0TrwgbgGQA,isotropic,1234,none,self,1,manila:82,manila:82,15.680000,36.1773
manila_query_-YADzGuflGFk0TrwgbgGQA,transfer_3,1234,none,self,25,manila:72,manila:82,15.679998,36.1773
manila_query_-YADzGuflGFk0TrwgbgGQA,isotropic,5678,none,self,1,manila:82,manila:82,15.680000,36.1773
manila_query_-YADzGuflGFk0TrwgbgGQA,transfer_3,5678,none,self,10,manila:72,manila:82,15.680000,36.1773
manila_query_-YADzGuflGFk0TrwgbgGQA,isotropic,9012,none,self,1,manila:82,manila:82,15.680000,36.1773
manila_query_-YADzGuflGFk0TrwgbgGQA,transfer_3,9012,none,self,49,manila:190,manila:82,15.680000,36.1773
manila_query_-YswrllPgEq1Q_LYD0mD0A,isotropic,1234,none,self,48,manila:134,manila:181,15.679997,36.1773
manila_query_-YswrllPgEq1Q_LYD0mD0A,transfer_3,1234,none,self,47,manila:190,manila:181,15.679996,36.1773
manila_query_-YswrllPgEq1Q_LYD0mD0A,isotropic,5678,none,self,55,manila:134,manila:181,15.680000,36.1773
manila_query_-YswrllPgEq1Q_LYD0mD0A,transfer_3,5678,none,self,36,manila:190,manila:181,15.680000,36.1773
manila_query_-YswrllPgEq1Q_LYD0mD0A,isotropic,9012,none,self,55,manila:134,manila:181,15.679997,36.1773
manila_query_-YswrllPgEq1Q_LYD0mD0A,transfer_3,9012,none,self,51,manila:190,manila:181,15.679997,36.1773
manila_query_-Z3CXTi1QhF_Ste8t8vrJA,isotropic,1234,none,self,184,manila:142,manila:16,15.680002,36.1773
manila_query_-Z3CXTi1QhF_Ste8t8vrJA,transfer_3,1234,none,self,258,manila:160,manila:16,15.679998,36.1773
manila_query_-Z3CXTi1QhF_Ste8t8vrJA,isotropic,5678,none,self,152,manila:142,manila:16,15.679997,36.1773
manila_query_-Z3CXTi1QhF_Ste8t8vrJA,transfer_3,5678,none,self,174,manila:13,manila:16,15.680000,36.1773
manila_query_-Z3CXTi1QhF_Ste8t8vrJA,isotropic,9012,none,self,162,manila:142,manila:16,15.679998,36.1773
manila_query_-Z3CXTi1QhF_Ste8t8vrJA,transfer_3,9012,none,self,204,manila:13,manila:16,15.680000,36.1773
manila_query_-ZbYcdqL0C0ximLGFEriNA,isotropic,1234,none,self,55,manila:116,manila:51,15.679998,36.1773
manila_query_-ZbYcdqL0C0ximLGFEriNA,transfer_3,1234,none,self,150,manila:87,manila:51,15.679998,36.1773
manila_query_-ZbYcdqL0C0ximLGFEriNA,isotropic,5678,none,self,53,manila:177,manila:51,15.680000,36.1773
manila_query_-ZbYcdqL0C0ximLGFEriNA,transfer_3,5678,none,self,233,manila:177,manila:51,15.679998,36.1773
manila_query_-ZbYcdqL0C0ximLGFEriNA,isotropic,9012,none,self,46,manila:116,manila:51,15.679998,36.1773
manila_query_-ZbYcdqL0C0ximLGFEriNA,transfer_3,9012,none,self,209,manila:190,manila:51,15.680000,36.1773
manila_query_-ZyenisXeFL1kaebCpUNAQ,isotropic,1234,none,self,61,manila:72,manila:59,15.680000,36.1773
manila_query_-ZyenisXeFL1kaebCpUNAQ,transfer_3,1234,none,self,35,manila:177,manila:59,15.679997,36.1773
manila_query_-ZyenisXeFL1kaebCpUNAQ,isotropic,5678,none,self,56,manila:72,manila:59,15.680000,36.1773
manila_query_-ZyenisXeFL1kaebCpUNAQ,transfer_3,5678,none,self,31,manila:177,manila:59,15.680001,36.1773
manila_query_-ZyenisXeFL1kaebCpUNAQ,isotropic,9012,none,self,56,manila:72,manila:59,15.680000,36.1773
manila_query_-ZyenisXeFL1kaebCpUNAQ,transfer_3,9012,none,self,11,manila:23,manila:59,15.680001,36.1773
manila_query_-aK1h18UZREBqmVQH9KSvw,isotropic,1234,none,self,26,manila:33,manila:163,15.679996,36.1773
manila_query_-aK1h18UZREBqmVQH9KSvw,transfer_3,1234,none,self,127,manila:46,manila:163,15.680000,36.1773
manila_query_-aK1h18UZREBqmVQH9KSvw,isotropic,5678,none,self,31,manila:33,manila:163,15.679998,36.1773
manila_query_-aK1h18UZREBqmVQH9KSvw,transfer_3,5678,none,self,70,manila:51,manila:163,15.679997,36.1773
manila_query_-aK1h18UZREBqmVQH9KSvw,isotropic,9012,none,self,32,manila:33,manila:163,15.680002,36.1773
manila_query_-aK1h18UZREBqmVQH9KSvw,transfer_3,9012,none,self,153,manila:142,manila:163,15.680000,36.1773
manila_query_-cNGgBgyFrf92tQ2SjMnVw,isotropic,1234,none,self,19,manila:142,manila:46,15.680000,36.1773
manila_query_-cNGgBgyFrf92tQ2SjMnVw,transfer_3,1234,none,self,6,manila:72,manila:46,15.680000,36.1773
manila_query_-cNGgBgyFrf92tQ2SjMnVw,isotropic,5678,none,self,21,manila:142,manila:46,15.679997,36.1773
manila_query_-cNGgBgyFrf92tQ2SjMnVw,transfer_3,5678,none,self,12,manila:72,manila:46,15.680000,36.1773
manila_query_-cNGgBgyFrf92tQ2SjMnVw,isotropic,9012,none,self,17,manila:142,manila:46,15.679998,36.1773
manila_query_-cNGgBgyFrf92tQ2SjMnVw,transfer_3,9012,none,self,10,manila:72,manila:46,15.680000,36.1773
manila_query_-cmAo9dkimIih2B7T4UHfg,isotropic,1234,none,self,52,manila:116,manila:140,15.679998,36.1773
manila_query_-cmAo9dkimIih2B7T4UHfg,transfer_3,1234,none,self,76,manila:160,manila:140,15.680000,36.1773
manila_query_-cmAo9dkimIih2B7T4UHfg,isotropic,5678,none,self,54,manila:116,manila:140,15.679995,36.1773
manila_query_-cmAo9dkimIih2B7T4UHfg,transfer_3,5678,none,self,95,manila:82,manila:140,15.679997,36.1773
manila_query_-cmAo9dkimIih2B7T4UHfg,isotropic,9012,none,self,69,manila:116,manila:140,15.679997,36.1773
manila_query_-cmAo9dkimIih2B7T4UHfg,transfer_3,9012,none,self,23,manila:82,manila:140,15.680000,36.1773
manila_query_-dvVr_QHKim5_WyUsv_Z4A,isotropic,1234,none,self,36,manila:20,manila:142,15.679998,36.1773
manila_query_-dvVr_QHKim5_WyUsv_Z4A,transfer_3,1234,none,self,82,manila:29,manila:142,15.680000,36.1773
manila_query_-dvVr_QHKim5_WyUsv_Z4A,isotropic,5678,none,self,44,manila:20,manila:142,15.679998,36.1773
manila_query_-dvVr_QHKim5_WyUsv_Z4A,transfer_3,5678,none,self,75,manila:72,manila:142,15.679997,36.1773
manila_query_-dvVr_QHKim5_WyUsv_Z4A,isotropic,9012,none,self,41,manila:29,manila:142,15.679998,36.1773
manila_query_-dvVr_QHKim5_WyUsv_Z4A,transfer_3,9012,none,self,53,manila:190,manila:142,15.679997,36.1773
manila_query_-fizm8lmdD_ORe0_j5qnJQ,isotropic,1234,none,self,2,manila:116,manila:6,15.679997,36.1773
manila_query_-fizm8lmdD_ORe0_j5qnJQ,transfer_3,1234,none,self,61,manila:190,manila:6,15.680001,36.1773
manila_query_-fizm8lmdD_ORe0_j5qnJQ,isotropic,5678,none,self,2,manila:116,manila:6,15.680002,36.1773
manila_query_-fizm8lmdD_ORe0_j5qnJQ,transfer_3,5678,none,self,37,manila:190,manila:6,15.679997,36.1773
manila_query_-fizm8lmdD_ORe0_j5qnJQ,isotropic,9012,none,self,2,manila:116,manila:6,15.679997,36.1773
manila_query_-fizm8lmdD_ORe0_j5qnJQ,transfer_3,9012,none,self,50,manila:190,manila:6,15.679998,36.1773
manila_query_-hNuMbgiWK_ZPELfuWj5FQ,isotropic,1234,none,self,6,manila:190,manila:89,15.680001,36.1773
manila_query_-hNuMbgiWK_ZPELfuWj5FQ,transfer_3,1234,none,self,57,manila:190,manila:89,15.679998,36.1773
manila_query_-hNuMbgiWK_ZPELfuWj5FQ,isotropic,5678,none,self,7,manila:13,manila:89,15.679997,36.1773
manila_query_-hNuMbgiWK_ZPELfuWj5FQ,transfer_3,5678,none,self,64,manila:13,manila:89,15.679997,36.1773
manila_query_-hNuMbgiWK_ZPELfuWj5FQ,isotropic,9012,none,self,8,manila:13,manila:89,15.680000,36.1773
manila_query_-hNuMbgiWK_ZPELfuWj5FQ,transfer_3,9012,none,self,45,manila:20,manila:89,15.679997,36.1773
