query_id,condition,seed,correct_rank
0000_query_0000002225,isotropic,1234,6
0000_query_0000002225,transfer_3,1234,21
0000_query_0000002225,isotropic,1235,4
0000_query_0000002225,transfer_3,1235,13
0000_query_0000002225,isotropic,1236,6
0000_query_0000002225,transfer_3,1236,9
0000_query_0000001786,isotropic,1234,67
0000_query_0000001786,transfer_3,1234,53
0000_query_0000001786,isotropic,1235,67
0000_query_0000001786,transfer_3,1235,56
0000_query_0000001786,isotropic,1236,59
0000_query_0000001786,transfer_3,1236,90
0000_query_0000001796,isotropic,1234,2
0000_query_0000001796,transfer_3,1234,88
0000_query_0000001796,isotropic,1235,2
0000_query_0000001796,transfer_3,1235,68
0000_query_0000001796,isotropic,1236,2
0000_query_0000001796,transfer_3,1236,93
0000_query_0000001805,isotropic,1234,1
0000_query_0000001805,transfer_3,1234,1
0000_query_0000001805,isotropic,1235,1
0000_query_0000001805,transfer_3,1235,1
0000_query_0000001805,isotropic,1236,1
0000_query_0000001805,transfer_3,1236,1
0000_query_0000001813,isotropic,1234,1
0000_query_0000001813,transfer_3,1234,50
0000_query_0000001813,isotropic,1235,1
0000_query_0000001813,transfer_3,1235,23
0000_query_0000001813,isotropic,1236,1
0000_query_0000001813,transfer_3,1236,11
0000_query_0000001821,isotropic,1234,10
0000_query_0000001821,transfer_3,1234,70
0000_query_0000001821,isotropic,1235,7
0000_query_0000001821,transfer_3,1235,71
0000_query_0000001821,isotropic,1236,8
0000_query_0000001821,transfer_3,1236,121
0000_query_0000001828,isotropic,1234,1
0000_query_0000001828,transfer_3,1234,13
0000_query_0000001828,isotropic,1235,1
0000_query_0000001828,transfer_3,1235,11
0000_query_0000001828,isotropic,1236,1
0000_query_0000001828,transfer_3,1236,7
0000_query_0000001835,isotropic,1234,1
0000_query_0000001835,transfer_3,1234,6
0000_query_0000001835,isotropic,1235,1
0000_query_0000001835,transfer_3,1235,3
0000_query_0000001835,isotropic,1236,1
0000_query_0000001835,transfer_3,1236,7
0000_query_0000001842,isotropic,1234,1
0000_query_0000001842,transfer_3,1234,1
0000_query_0000001842,isotropic,1235,1
0000_query_0000001842,transfer_3,1235,1
0000_query_0000001842,isotropic,1236,1
0000_query_0000001842,transfer_3,1236,1
0000_query_0000001849,isotropic,1234,1
0000_query_0000001849,transfer_3,1234,28
0000_query_0000001849,isotropic,1235,1
0000_query_0000001849,transfer_3,1235,18
0000_query_0000001849,isotropic,1236,1
0000_query_0000001849,transfer_3,1236,23
0000_query_0000001856,isotropic,1234,1
0000_query_0000001856,transfer_3,1234,3
0000_query_0000001856,isotropic,1235,1
0000_query_0000001856,transfer_3,1235,1
0000_query_0000001856,isotropic,1236,1
0000_query_0000001856,transfer_3,1236,7
0000_query_0000001863,isotropic,1234,1
0000_query_0000001863,transfer_3,1234,5
0000_query_0000001863,isotropic,1235,1
0000_query_0000001863,transfer_3,1235,21
0000_query_0000001863,isotropic,1236,1
0000_query_0000001863,transfer_3,1236,13
0000_query_0000001871,isotropic,1234,1
0000_query_0000001871,transfer_3,1234,1
0000_query_0000001871,isotropic,1235,1
0000_query_0000001871,transfer_3,1235,2
0000_query_0000001871,isotropic,1236,1
0000_query_0000001871,transfer_3,1236,1
0000_query_0000001880,isotropic,1234,1
0000_query_0000001880,transfer_3,1234,37
0000_query_0000001880,isotropic,1235,2
0000_query_0000001880,transfer_3,1235,30
0000_query_0000001880,isotropic,1236,1
0000_query_0000001880,transfer_3,1236,52
0000_query_0000001890,isotropic,1234,553
0000_query_0000001890,transfer_3,1234,930
0000_query_0000001890,isotropic,1235,602
0000_query_0000001890,transfer_3,1235,982
0000_query_0000001890,isotropic,1236,656
0000_query_0000001890,transfer_3,1236,878
0000_query_0000001900,isotropic,1234,1074
0000_query_0000001900,transfer_3,1234,1022
0000_query_0000001900,isotropic,1235,1063
0000_query_0000001900,transfer_3,1235,942
0000_query_0000001900,isotropic,1236,1016
0000_query_0000001900,transfer_3,1236,1109
0000_query_0000001909,isotropic,1234,968
0000_query_0000001909,transfer_3,1234,945
0000_query_0000001909,isotropic,1235,1012
0000_query_0000001909,transfer_3,1235,963
0000_query_0000001909,isotropic,1236,990
0000_query_0000001909,transfer_3,1236,940
0000_query_0000006327,isotropic,1234,761
0000_query_0000006327,transfer_3,1234,473
0000_query_0000006327,isotropic,1235,644
0000_query_0000006327,transfer_3,1235,706
0000_query_0000006327,isotropic,1236,701
0000_query_0000006327,transfer_3,1236,489
0000_query_0000006343,isotropic,1234,189
0000_query_0000006343,transfer_3,1234,119
0000_query_0000006343,isotropic,1235,169
0000_query_0000006343,transfer_3,1235,178
0000_query_0000006343,isotropic,1236,154
0000_query_0000006343,transfer_3,1236,139
0000_query_0000006361,isotropic,1234,187
0000_query_0000006361,transfer_3,1234,514
0000_query_0000006361,isotropic,1235,248
0000_query_0000006361,transfer_3,1235,663
0000_query_0000006361,isotropic,1236,217
0000_query_0000006361,transfer_3,1236,478
0000_query_0000006374,isotropic,1234,266
0000_query_0000006374,transfer_3,1234,277
0000_query_0000006374,isotropic,1235,286
0000_query_0000006374,transfer_3,1235,337
0000_query_0000006374,isotropic,1236,314
0000_query_0000006374,transfer_3,1236,447
0000_query_0000006384,isotropic,1234,602
0000_query_0000006384,transfer_3,1234,570
0000_query_0000006384,isotropic,1235,647
0000_query_0000006384,transfer_3,1235,477
0000_query_0000006384,isotropic,1236,688
0000_query_0000006384,transfer_3,1236,534
0000_query_0000006392,isotropic,1234,433
0000_query_0000006392,transfer_3,1234,289
0000_query_0000006392,isotropic,1235,448
0000_query_0000006392,transfer_3,1235,269
0000_query_0000006392,isotropic,1236,438
0000_query_0000006392,transfer_3,1236,259
0000_query_0000007742,isotropic,1234,649
0000_query_0000007742,transfer_3,1234,318
0000_query_0000007742,isotropic,1235,717
0000_query_0000007742,transfer_3,1235,258
0000_query_0000007742,isotropic,1236,647
0000_query_0000007742,transfer_3,1236,257
0000_query_0000007751,isotropic,1234,839
0000_query_0000007751,transfer_3,1234,147
0000_query_0000007751,isotropic,1235,723
0000_query_0000007751,transfer_3,1235,252
0000_query_0000007751,isotropic,1236,705
0000_query_0000007751,transfer_3,1236,186
0000_query_0000007761,isotropic,1234,55
0000_query_0000007761,transfer_3,1234,209
0000_query_0000007761,isotropic,1235,80
0000_query_0000007761,transfer_3,1235,80
0000_query_0000007761,isotropic,1236,111
0000_query_0000007761,transfer_3,1236,295
0000_query_0000007771,isotropic,1234,273
0000_query_0000007771,transfer_3,1234,772
0000_query_0000007771,isotropic,1235,346
0000_query_0000007771,transfer_3,1235,776
0000_query_0000007771,isotropic,1236,272
0000_query_0000007771,transfer_3,1236,855
0000_query_0000007781,isotropic,1234,5
0000_query_0000007781,transfer_3,1234,8
0000_query_0000007781,isotropic,1235,4
0000_query_0000007781,transfer_3,1235,8
0000_query_0000007781,isotropic,1236,4
0000_query_0000007781,transfer_3,1236,14
0000_query_0000007789,isotropic,1234,4
0000_query_0000007789,transfer_3,1234,14
0000_query_0000007789,isotropic,1235,4
0000_query_0000007789,transfer_3,1235,7
0000_query_0000007789,isotropic,1236,5
0000_query_0000007789,transfer_3,1236,7
0000_query_0000007796,isotropic,1234,87
0000_query_0000007796,transfer_3,1234,366
0000_query_0000007796,isotropic,1235,109
0000_query_0000007796,transfer_3,1235,390
0000_query_0000007796,isotropic,1236,49
0000_query_0000007796,transfer_3,1236,322
0000_query_0000007803,isotropic,1234,25
0000_query_0000007803,transfer_3,1234,279
0000_query_0000007803,isotropic,1235,67
0000_query_0000007803,transfer_3,1235,172
0000_query_0000007803,isotropic,1236,26
0000_query_0000007803,transfer_3,1236,180
0000_query_0000007809,isotropic,1234,81
0000_query_0000007809,transfer_3,1234,136
0000_query_0000007809,isotropic,1235,73
0000_query_0000007809,transfer_3,1235,223
0000_query_0000007809,isotropic,1236,90
0000_query_0000007809,transfer_3,1236,68
0000_query_0000007815,isotropic,1234,676
0000_query_0000007815,transfer_3,1234,848
0000_query_0000007815,isotropic,1235,704
0000_query_0000007815,transfer_3,1235,812
0000_query_0000007815,isotropic,1236,674
0000_query_0000007815,transfer_3,1236,575
0000_query_0000007821,isotropic,1234,302
0000_query_0000007821,transfer_3,1234,160
0000_query_0000007821,isotropic,1235,263
0000_query_0000007821,transfer_3,1235,82
0000_query_0000007821,isotropic,1236,263
0000_query_0000007821,transfer_3,1236,211
0000_query_0000007827,isotropic,1234,16
0000_query_0000007827,transfer_3,1234,43
0000_query_0000007827,isotropic,1235,21
0000_query_0000007827,transfer_3,1235,46
0000_query_0000007827,isotropic,1236,29
0000_query_0000007827,transfer_3,1236,20
0000_query_0000007833,isotropic,1234,383
0000_query_0000007833,transfer_3,1234,174
0000_query_0000007833,isotropic,1235,286
0000_query_0000007833,transfer_3,1235,239
0000_query_0000007833,isotropic,1236,454
0000_query_0000007833,transfer_3,1236,398
0000_query_0000007839,isotropic,1234,328
0000_query_0000007839,transfer_3,1234,460
0000_query_0000007839,isotropic,1235,280
0000_query_0000007839,transfer_3,1235,351
0000_query_0000007839,isotropic,1236,307
0000_query_0000007839,transfer_3,1236,370
0000_query_0000007845,isotropic,1234,208
0000_query_0000007845,transfer_3,1234,459
0000_query_0000007845,isotropic,1235,268
0000_query_0000007845,transfer_3,1235,465
0000_query_0000007845,isotropic,1236,237
0000_query_0000007845,transfer_3,1236,462
0000_query_0000007852,isotropic,1234,387
0000_query_0000007852,transfer_3,1234,876
0000_query_0000007852,isotropic,1235,333
0000_query_0000007852,transfer_3,1235,780
0000_query_0000007852,isotropic,1236,359
0000_query_0000007852,transfer_3,1236,821
0000_query_0000007860,isotropic,1234,315
0000_query_0000007860,transfer_3,1234,539
0000_query_0000007860,isotropic,1235,249
0000_query_0000007860,transfer_3,1235,477
0000_query_0000007860,isotropic,1236,385
0000_query_0000007860,transfer_3,1236,534
0000_query_0000007868,isotropic,1234,1
0000_query_0000007868,transfer_3,1234,37
0000_query_0000007868,isotropic,1235,1
0000_query_0000007868,transfer_3,1235,13
0000_query_0000007868,isotropic,1236,1
0000_query_0000007868,transfer_3,1236,38
0000_query_0000007876,isotropic,1234,2
0000_query_0000007876,transfer_3,1234,19
0000_query_0000007876,isotropic,1235,2
0000_query_0000007876,transfer_3,1235,9
0000_query_0000007876,isotropic,1236,3
0000_query_0000007876,transfer_3,1236,32
0000_query_0000005898,isotropic,1234,10
0000_query_0000005898,transfer_3,1234,18
0000_query_0000005898,isotropic,1235,12
0000_query_0000005898,transfer_3,1235,17
0000_query_0000005898,isotropic,1236,21
0000_query_0000005898,transfer_3,1236,3
0000_query_0000005910,isotropic,1234,177
0000_query_0000005910,transfer_3,1234,24
0000_query_0000005910,isotropic,1235,179
0000_query_0000005910,transfer_3,1235,19
0000_query_0000005910,isotropic,1236,172
0000_query_0000005910,transfer_3,1236,20
0000_query_0000005922,isotropic,1234,5
0000_query_0000005922,transfer_3,1234,4
0000_query_0000005922,isotropic,1235,6
0000_query_0000005922,transfer_3,1235,2
0000_query_0000005922,isotropic,1236,4
0000_query_0000005922,transfer_3,1236,7
0000_query_0000005935,isotropic,1234,1
0000_query_0000005935,transfer_3,1234,1
0000_query_0000005935,isotropic,1235,1
0000_query_0000005935,transfer_3,1235,1
0000_query_0000005935,isotropic,1236,1
0000_query_0000005935,transfer_3,1236,1
0000_query_0000005951,isotropic,1234,3
0000_query_0000005951,transfer_3,1234,11
0000_query_0000005951,isotropic,1235,3
0000_query_0000005951,transfer_3,1235,5
0000_query_0000005951,isotropic,1236,2
0000_query_0000005951,transfer_3,1236,3
0000_query_0000005962,isotropic,1234,10
0000_query_0000005962,transfer_3,1234,62
0000_query_0000005962,isotropic,1235,10
0000_query_0000005962,transfer_3,1235,28
0000_query_0000005962,isotropic,1236,8
0000_query_0000005962,transfer_3,1236,46
0000_query_0000005971,isotropic,1234,74
0000_query_0000005971,transfer_3,1234,115
0000_query_0000005971,isotropic,1235,75
0000_query_0000005971,transfer_3,1235,110
0000_query_0000005971,isotropic,1236,66
0000_query_0000005971,transfer_3,1236,114
0000_query_0000005979,isotropic,1234,10
0000_query_0000005979,transfer_3,1234,10
0000_query_0000005979,isotropic,1235,8
0000_query_0000005979,transfer_3,1235,12
0000_query_0000005979,isotropic,1236,11
0000_query_0000005979,transfer_3,1236,15
0000_query_0000005987,isotropic,1234,59
0000_query_0000005987,transfer_3,1234,1
0000_query_0000005987,isotropic,1235,52
0000_query_0000005987,transfer_3,1235,1
0000_query_0000005987,isotropic,1236,61
0000_query_0000005987,transfer_3,1236,1
0000_query_0000005995,isotropic,1234,2
0000_query_0000005995,transfer_3,1234,13
0000_query_0000005995,isotropic,1235,4
0000_query_0000005995,transfer_3,1235,30
0000_query_0000005995,isotropic,1236,2
0000_query_0000005995,transfer_3,1236,20
0000_query_0000006003,isotropic,1234,18
0000_query_0000006003,transfer_3,1234,10
0000_query_0000006003,isotropic,1235,24
0000_query_0000006003,transfer_3,1235,24
0000_query_0000006003,isotropic,1236,33
0000_query_0000006003,transfer_3,1236,17
0000_query_0000006011,isotropic,1234,9
0000_query_0000006011,transfer_3,1234,6
0000_query_0000006011,isotropic,1235,9
0000_query_0000006011,transfer_3,1235,6
0000_query_0000006011,isotropic,1236,9
0000_query_0000006011,transfer_3,1236,1
0000_query_0000006019,isotropic,1234,45
0000_query_0000006019,transfer_3,1234,11
0000_query_0000006019,isotropic,1235,63
0000_query_0000006019,transfer_3,1235,46
0000_query_0000006019,isotropic,1236,51
0000_query_0000006019,transfer_3,1236,36
0000_query_0000006028,isotropic,1234,3
0000_query_0000006028,transfer_3,1234,5
0000_query_0000006028,isotropic,1235,3
0000_query_0000006028,transfer_3,1235,2
0000_query_0000006028,isotropic,1236,2
0000_query_0000006028,transfer_3,1236,8
0000_query_0000006038,isotropic,1234,2
0000_query_0000006038,transfer_3,1234,6
0000_query_0000006038,isotropic,1235,2
0000_query_0000006038,transfer_3,1235,4
0000_query_0000006038,isotropic,1236,3
0000_query_0000006038,transfer_3,1236,4
0000_query_0000006049,isotropic,1234,43
0000_query_0000006049,transfer_3,1234,13
0000_query_0000006049,isotropic,1235,41
0000_query_0000006049,transfer_3,1235,14
0000_query_0000006049,isotropic,1236,43
0000_query_0000006049,transfer_3,1236,12
0000_query_0000010906,isotropic,1234,65
0000_query_0000010906,transfer_3,1234,18
0000_query_0000010906,isotropic,1235,78
0000_query_0000010906,transfer_3,1235,18
0000_query_0000010906,isotropic,1236,94
0000_query_0000010906,transfer_3,1236,57
0000_query_0000010916,isotropic,1234,1
0000_query_0000010916,transfer_3,1234,2
0000_query_0000010916,isotropic,1235,2
0000_query_0000010916,transfer_3,1235,3
0000_query_0000010916,isotropic,1236,3
0000_query_0000010916,transfer_3,1236,3
0000_query_0000010931,isotropic,1234,11
0000_query_0000010931,transfer_3,1234,29
0000_query_0000010931,isotropic,1235,15
0000_query_0000010931,transfer_3,1235,33
0000_query_0000010931,isotropic,1236,13
0000_query_0000010931,transfer_3,1236,12
0000_query_0000010944,isotropic,1234,151
0000_query_0000010944,transfer_3,1234,18
0000_query_0000010944,isotropic,1235,111
0000_query_0000010944,transfer_3,1235,17
0000_query_0000010944,isotropic,1236,166
0000_query_0000010944,transfer_3,1236,11
0000_query_0000010954,isotropic,1234,13
0000_query_0000010954,transfer_3,1234,6
0000_query_0000010954,isotropic,1235,14
0000_query_0000010954,transfer_3,1235,10
0000_query_0000010954,isotropic,1236,10
0000_query_0000010954,transfer_3,1236,7
0000_query_0000010266,isotropic,1234,75
0000_query_0000010266,transfer_3,1234,22
0000_query_0000010266,isotropic,1235,110
0000_query_0000010266,transfer_3,1235,16
0000_query_0000010266,isotropic,1236,72
0000_query_0000010266,transfer_3,1236,5
0000_query_0000010277,isotropic,1234,12
0000_query_0000010277,transfer_3,1234,98
0000_query_0000010277,isotropic,1235,10
0000_query_0000010277,transfer_3,1235,120
0000_query_0000010277,isotropic,1236,11
0000_query_0000010277,transfer_3,1236,88
0000_query_0000010287,isotropic,1234,2
0000_query_0000010287,transfer_3,1234,305
0000_query_0000010287,isotropic,1235,3
0000_query_0000010287,transfer_3,1235,346
0000_query_0000010287,isotropic,1236,6
0000_query_0000010287,transfer_3,1236,207
0000_query_0000010298,isotropic,1234,41
0000_query_0000010298,transfer_3,1234,85
0000_query_0000010298,isotropic,1235,41
0000_query_0000010298,transfer_3,1235,82
0000_query_0000010298,isotropic,1236,20
0000_query_0000010298,transfer_3,1236,68
0000_query_0000010307,isotropic,1234,86
0000_query_0000010307,transfer_3,1234,158
0000_query_0000010307,isotropic,1235,65
0000_query_0000010307,transfer_3,1235,141
0000_query_0000010307,isotropic,1236,83
0000_query_0000010307,transfer_3,1236,151
0000_query_0000009717,isotropic,1234,34
0000_query_0000009717,transfer_3,1234,341
0000_query_0000009717,isotropic,1235,68
0000_query_0000009717,transfer_3,1235,757
0000_query_0000009717,isotropic,1236,35
0000_query_0000009717,transfer_3,1236,671
0000_query_0000009724,isotropic,1234,109
0000_query_0000009724,transfer_3,1234,272
0000_query_0000009724,isotropic,1235,94
0000_query_0000009724,transfer_3,1235,75
0000_query_0000009724,isotropic,1236,69
0000_query_0000009724,transfer_3,1236,167
0000_query_0000009731,isotropic,1234,33
0000_query_0000009731,transfer_3,1234,10
0000_query_0000009731,isotropic,1235,23
0000_query_0000009731,transfer_3,1235,11
0000_query_0000009731,isotropic,1236,16
0000_query_0000009731,transfer_3,1236,12
0000_query_0000009738,isotropic,1234,8
0000_query_0000009738,transfer_3,1234,182
0000_query_0000009738,isotropic,1235,9
0000_query_0000009738,transfer_3,1235,58
0000_query_0000009738,isotropic,1236,8
0000_query_0000009738,transfer_3,1236,46
0000_query_0000009745,isotropic,1234,367
0000_query_0000009745,transfer_3,1234,57
0000_query_0000009745,isotropic,1235,276
0000_query_0000009745,transfer_3,1235,38
0000_query_0000009745,isotropic,1236,341
0000_query_0000009745,transfer_3,1236,27
0000_query_0000009752,isotropic,1234,103
0000_query_0000009752,transfer_3,1234,77
0000_query_0000009752,isotropic,1235,97
0000_query_0000009752,transfer_3,1235,85
0000_query_0000009752,isotropic,1236,70
0000_query_0000009752,transfer_3,1236,56
0000_query_0000009759,isotropic,1234,38
0000_query_0000009759,transfer_3,1234,61
0000_query_0000009759,isotropic,1235,44
0000_query_0000009759,transfer_3,1235,319
0000_query_0000009759,isotropic,1236,50
0000_query_0000009759,transfer_3,1236,25
0000_query_0000009766,isotropic,1234,132
0000_query_0000009766,transfer_3,1234,330
0000_query_0000009766,isotropic,1235,141
0000_query_0000009766,transfer_3,1235,277
0000_query_0000009766,isotropic,1236,126
0000_query_0000009766,transfer_3,1236,206
0000_query_0000009773,isotropic,1234,64
0000_query_0000009773,transfer_3,1234,18
0000_query_0000009773,isotropic,1235,77
0000_query_0000009773,transfer_3,1235,19
0000_query_0000009773,isotropic,1236,72
0000_query_0000009773,transfer_3,1236,16
0000_query_0000009780,isotropic,1234,1
0000_query_0000009780,transfer_3,1234,1
0000_query_0000009780,isotropic,1235,1
0000_query_0000009780,transfer_3,1235,1
0000_query_0000009780,isotropic,1236,1
0000_query_0000009780,transfer_3,1236,1
0000_query_0000009787,isotropic,1234,2
0000_query_0000009787,transfer_3,1234,1
0000_query_0000009787,isotropic,1235,2
0000_query_0000009787,transfer_3,1235,2
0000_query_0000009787,isotropic,1236,2
0000_query_0000009787,transfer_3,1236,3
0000_query_0000009794,isotropic,1234,2
0000_query_0000009794,transfer_3,1234,4
0000_query_0000009794,isotropic,1235,2
0000_query_0000009794,transfer_3,1235,7
0000_query_0000009794,isotropic,1236,2
0000_query_0000009794,transfer_3,1236,9
0000_query_0000009801,isotropic,1234,7
0000_query_0000009801,transfer_3,1234,10
0000_query_0000009801,isotropic,1235,9
0000_query_0000009801,transfer_3,1235,5
0000_query_0000009801,isotropic,1236,10
0000_query_0000009801,transfer_3,1236,7
0000_query_0000009808,isotropic,1234,12
0000_query_0000009808,transfer_3,1234,173
0000_query_0000009808,isotropic,1235,14
0000_query_0000009808,transfer_3,1235,280
0000_query_0000009808,isotropic,1236,15
0000_query_0000009808,transfer_3,1236,123
0000_query_0000009817,isotropic,1234,235
0000_query_0000009817,transfer_3,1234,148
0000_query_0000009817,isotropic,1235,223
0000_query_0000009817,transfer_3,1235,241
0000_query_0000009817,isotropic,1236,254
0000_query_0000009817,transfer_3,1236,142
0000_query_0000009830,isotropic,1234,47
0000_query_0000009830,transfer_3,1234,129
0000_query_0000009830,isotropic,1235,66
0000_query_0000009830,transfer_3,1235,145
0000_query_0000009830,isotropic,1236,68
0000_query_0000009830,transfer_3,1236,163
0000_query_0000009843,isotropic,1234,1
0000_query_0000009843,transfer_3,1234,1
0000_query_0000009843,isotropic,1235,1
0000_query_0000009843,transfer_3,1235,1
0000_query_0000009843,isotropic,1236,1
0000_query_0000009843,transfer_3,1236,1
0000_query_0000009853,isotropic,1234,1
0000_query_0000009853,transfer_3,1234,1
0000_query_0000009853,isotropic,1235,1
0000_query_0000009853,transfer_3,1235,1
0000_query_0000009853,isotropic,1236,1
0000_query_0000009853,transfer_3,1236,1
0000_query_0000009861,isotropic,1234,1
0000_query_0000009861,transfer_3,1234,1
0000_query_0000009861,isotropic,1235,1
0000_query_0000009861,transfer_3,1235,1
0000_query_0000009861,isotropic,1236,1
0000_query_0000009861,transfer_3,1236,2
0000_query_0000009868,isotropic,1234,6
0000_query_0000009868,transfer_3,1234,3
0000_query_0000009868,isotropic,1235,5
0000_query_0000009868,transfer_3,1235,1
0000_query_0000009868,isotropic,1236,4
0000_query_0000009868,transfer_3,1236,1
0000_query_0000009874,isotropic,1234,2
0000_query_0000009874,transfer_3,1234,1
0000_query_0000009874,isotropic,1235,2
0000_query_0000009874,transfer_3,1235,1
0000_query_0000009874,isotropic,1236,2
0000_query_0000009874,transfer_3,1236,1
0000_query_0000009880,isotropic,1234,2
0000_query_0000009880,transfer_3,1234,1
0000_query_0000009880,isotropic,1235,2
0000_query_0000009880,transfer_3,1235,1
0000_query_0000009880,isotropic,1236,2
0000_query_0000009880,transfer_3,1236,1
0000_query_0000009886,isotropic,1234,1
0000_query_0000009886,transfer_3,1234,1
0000_query_0000009886,isotropic,1235,1
0000_query_0000009886,transfer_3,1235,1
0000_query_0000009886,isotropic,1236,1
0000_query_0000009886,transfer_3,1236,1
0000_query_0000009892,isotropic,1234,3
0000_query_0000009892,transfer_3,1234,1
0000_query_0000009892,isotropic,1235,2
0000_query_0000009892,transfer_3,1235,1
0000_query_0000009892,isotropic,1236,3
0000_query_0000009892,transfer_3,1236,1
0000_query_0000009898,isotropic,1234,1
0000_query_0000009898,transfer_3,1234,1
0000_query_0000009898,isotropic,1235,1
0000_query_0000009898,transfer_3,1235,1
0000_query_0000009898,isotropic,1236,1
0000_query_0000009898,transfer_3,1236,1
0000_query_0000010434,isotropic,1234,159
0000_query_0000010434,transfer_3,1234,142
0000_query_0000010434,isotropic,1235,153
0000_query_0000010434,transfer_3,1235,186
0000_query_0000010434,isotropic,1236,221
0000_query_0000010434,transfer_3,1236,56
0000_query_0000010445,isotropic,1234,3
0000_query_0000010445,transfer_3,1234,209
0000_query_0000010445,isotropic,1235,3
0000_query_0000010445,transfer_3,1235,108
0000_query_0000010445,isotropic,1236,4
0000_query_0000010445,transfer_3,1236,128
0000_query_0000010459,isotropic,1234,21
0000_query_0000010459,transfer_3,1234,26
0000_query_0000010459,isotropic,1235,15
0000_query_0000010459,transfer_3,1235,36
0000_query_0000010459,isotropic,1236,19
0000_query_0000010459,transfer_3,1236,65
0000_query_0000010471,isotropic,1234,10
0000_query_0000010471,transfer_3,1234,13
0000_query_0000010471,isotropic,1235,12
0000_query_0000010471,transfer_3,1235,16
0000_query_0000010471,isotropic,1236,11
0000_query_0000010471,transfer_3,1236,17
0000_query_0000010480,isotropic,1234,25
0000_query_0000010480,transfer_3,1234,7
0000_query_0000010480,isotropic,1235,33
0000_query_0000010480,transfer_3,1235,11
0000_query_0000010480,isotropic,1236,33
0000_query_0000010480,transfer_3,1236,26
0000_query_0000010488,isotropic,1234,1
0000_query_0000010488,transfer_3,1234,3
0000_query_0000010488,isotropic,1235,2
0000_query_0000010488,transfer_3,1235,16
0000_query_0000010488,isotropic,1236,2
0000_query_0000010488,transfer_3,1236,19
0000_query_0000010495,isotropic,1234,5
0000_query_0000010495,transfer_3,1234,5
0000_query_0000010495,isotropic,1235,4
0000_query_0000010495,transfer_3,1235,2
0000_query_0000010495,isotropic,1236,5
0000_query_0000010495,transfer_3,1236,2
0000_query_0000010502,isotropic,1234,9
0000_query_0000010502,transfer_3,1234,22
0000_query_0000010502,isotropic,1235,10
0000_query_0000010502,transfer_3,1235,23
0000_query_0000010502,isotropic,1236,11
0000_query_0000010502,transfer_3,1236,17
0000_query_0000010509,isotropic,1234,20
0000_query_0000010509,transfer_3,1234,31
0000_query_0000010509,isotropic,1235,14
0000_query_0000010509,transfer_3,1235,16
0000_query_0000010509,isotropic,1236,14
0000_query_0000010509,transfer_3,1236,25
0000_query_0000010516,isotropic,1234,3
0000_query_0000010516,transfer_3,1234,36
0000_query_0000010516,isotropic,1235,4
0000_query_0000010516,transfer_3,1235,19
0000_query_0000010516,isotropic,1236,2
0000_query_0000010516,transfer_3,1236,19
0000_query_0000010523,isotropic,1234,2
0000_query_0000010523,transfer_3,1234,5
0000_query_0000010523,isotropic,1235,3
0000_query_0000010523,transfer_3,1235,8
0000_query_0000010523,isotropic,1236,3
0000_query_0000010523,transfer_3,1236,6
0000_query_0000010530,isotropic,1234,11
0000_query_0000010530,transfer_3,1234,16
0000_query_0000010530,isotropic,1235,12
0000_query_0000010530,transfer_3,1235,20
0000_query_0000010530,isotropic,1236,10
0000_query_0000010530,transfer_3,1236,22
0000_query_0000010537,isotropic,1234,7
0000_query_0000010537,transfer_3,1234,31
0000_query_0000010537,isotropic,1235,8
0000_query_0000010537,transfer_3,1235,12
0000_query_0000010537,isotropic,1236,9
0000_query_0000010537,transfer_3,1236,21
0000_query_0000010545,isotropic,1234,2
0000_query_0000010545,transfer_3,1234,4
0000_query_0000010545,isotropic,1235,2
0000_query_0000010545,transfer_3,1235,11
0000_query_0000010545,isotropic,1236,1
0000_query_0000010545,transfer_3,1236,13
0000_query_0000010553,isotropic,1234,2
0000_query_0000010553,transfer_3,1234,9
0000_query_0000010553,isotropic,1235,4
0000_query_0000010553,transfer_3,1235,11
0000_query_0000010553,isotropic,1236,3
0000_query_0000010553,transfer_3,1236,11
0000_query_0000010560,isotropic,1234,21
0000_query_0000010560,transfer_3,1234,39
0000_query_0000010560,isotropic,1235,28
0000_query_0000010560,transfer_3,1235,22
0000_query_0000010560,isotropic,1236,19
0000_query_0000010560,transfer_3,1236,32
0000_query_0000010567,isotropic,1234,1
0000_query_0000010567,transfer_3,1234,10
0000_query_0000010567,isotropic,1235,1
0000_query_0000010567,transfer_3,1235,7
0000_query_0000010567,isotropic,1236,1
0000_query_0000010567,transfer_3,1236,6
0000_query_0000010574,isotropic,1234,16
0000_query_0000010574,transfer_3,1234,13
0000_query_0000010574,isotropic,1235,13
0000_query_0000010574,transfer_3,1235,10
0000_query_0000010574,isotropic,1236,10
0000_query_0000010574,transfer_3,1236,10
0000_query_0000010581,isotropic,1234,1
0000_query_0000010581,transfer_3,1234,2
0000_query_0000010581,isotropic,1235,1
0000_query_0000010581,transfer_3,1235,2
0000_query_0000010581,isotropic,1236,1
0000_query_0000010581,transfer_3,1236,2
0000_query_0000010588,isotropic,1234,1
0000_query_0000010588,transfer_3,1234,1
0000_query_0000010588,isotropic,1235,2
0000_query_0000010588,transfer_3,1235,3
0000_query_0000010588,isotropic,1236,1
0000_query_0000010588,transfer_3,1236,3
0000_query_0000010594,isotropic,1234,12
0000_query_0000010594,transfer_3,1234,9
0000_query_0000010594,isotropic,1235,13
0000_query_0000010594,transfer_3,1235,8
0000_query_0000010594,isotropic,1236,12
0000_query_0000010594,transfer_3,1236,7
0000_query_0000010600,isotropic,1234,1
0000_query_0000010600,transfer_3,1234,17
0000_query_0000010600,isotropic,1235,5
0000_query_0000010600,transfer_3,1235,10
0000_query_0000010600,isotropic,1236,4
0000_query_0000010600,transfer_3,1236,27
0000_query_0000010606,isotropic,1234,23
0000_query_0000010606,transfer_3,1234,12
0000_query_0000010606,isotropic,1235,12
0000_query_0000010606,transfer_3,1235,17
0000_query_0000010606,isotropic,1236,18
0000_query_0000010606,transfer_3,1236,9
0000_query_0000010612,isotropic,1234,11
0000_query_0000010612,transfer_3,1234,33
0000_query_0000010612,isotropic,1235,6
0000_query_0000010612,transfer_3,1235,34
0000_query_0000010612,isotropic,1236,9
0000_query_0000010612,transfer_3,1236,39
0000_query_0000010618,isotropic,1234,12
0000_query_0000010618,transfer_3,1234,128
0000_query_0000010618,isotropic,1235,12
0000_query_0000010618,transfer_3,1235,56
0000_query_0000010618,isotropic,1236,18
0000_query_0000010618,transfer_3,1236,83
0002_query_0000007711,isotropic,1234,97
0002_query_0000007711,transfer_3,1234,432
0002_query_0000007711,isotropic,1235,45
0002_query_0000007711,transfer_3,1235,542
0002_query_0000007711,isotropic,1236,88
0002_query_0000007711,transfer_3,1236,611
0002_query_0000007717,isotropic,1234,225
0002_query_0000007717,transfer_3,1234,620
0002_query_0000007717,isotropic,1235,173
0002_query_0000007717,transfer_3,1235,599
0002_query_0000007717,isotropic,1236,166
0002_query_0000007717,transfer_3,1236,642
0002_query_0000007723,isotropic,1234,28
0002_query_0000007723,transfer_3,1234,58
0002_query_0000007723,isotropic,1235,14
0002_query_0000007723,transfer_3,1235,43
0002_query_0000007723,isotropic,1236,20
0002_query_0000007723,transfer_3,1236,70
0002_query_0000007729,isotropic,1234,2
0002_query_0000007729,transfer_3,1234,33
0002_query_0000007729,isotropic,1235,3
0002_query_0000007729,transfer_3,1235,64
0002_query_0000007729,isotropic,1236,3
0002_query_0000007729,transfer_3,1236,30
0002_query_0000007735,isotropic,1234,3
0002_query_0000007735,transfer_3,1234,24
0002_query_0000007735,isotropic,1235,4
0002_query_0000007735,transfer_3,1235,27
0002_query_0000007735,isotropic,1236,4
0002_query_0000007735,transfer_3,1236,29
0002_query_0000007741,isotropic,1234,1
0002_query_0000007741,transfer_3,1234,3
0002_query_0000007741,isotropic,1235,1
0002_query_0000007741,transfer_3,1235,2
0002_query_0000007741,isotropic,1236,1
0002_query_0000007741,transfer_3,1236,3
0002_query_0000007748,isotropic,1234,303
0002_query_0000007748,transfer_3,1234,128
0002_query_0000007748,isotropic,1235,277
0002_query_0000007748,transfer_3,1235,312
0002_query_0000007748,isotropic,1236,194
0002_query_0000007748,transfer_3,1236,144
0002_query_0000007755,isotropic,1234,106
0002_query_0000007755,transfer_3,1234,127
0002_query_0000007755,isotropic,1235,103
0002_query_0000007755,transfer_3,1235,109
0002_query_0000007755,isotropic,1236,89
0002_query_0000007755,transfer_3,1236,116
0002_query_0000007763,isotropic,1234,132
0002_query_0000007763,transfer_3,1234,28
0002_query_0000007763,isotropic,1235,120
0002_query_0000007763,transfer_3,1235,16
0002_query_0000007763,isotropic,1236,140
0002_query_0000007763,transfer_3,1236,37
0002_query_0000007773,isotropic,1234,79
0002_query_0000007773,transfer_3,1234,167
0002_query_0000007773,isotropic,1235,54
0002_query_0000007773,transfer_3,1235,155
0002_query_0000007773,isotropic,1236,44
0002_query_0000007773,transfer_3,1236,90
0002_query_0000007788,isotropic,1234,265
0002_query_0000007788,transfer_3,1234,274
0002_query_0000007788,isotropic,1235,195
0002_query_0000007788,transfer_3,1235,337
0002_query_0000007788,isotropic,1236,302
0002_query_0000007788,transfer_3,1236,439
0002_query_0000007803,isotropic,1234,238
0002_query_0000007803,transfer_3,1234,437
0002_query_0000007803,isotropic,1235,445
0002_query_0000007803,transfer_3,1235,330
0002_query_0000007803,isotropic,1236,243
0002_query_0000007803,transfer_3,1236,468
0002_query_0000007814,isotropic,1234,79
0002_query_0000007814,transfer_3,1234,143
0002_query_0000007814,isotropic,1235,89
0002_query_0000007814,transfer_3,1235,118
0002_query_0000007814,isotropic,1236,64
0002_query_0000007814,transfer_3,1236,80
0002_query_0000007823,isotropic,1234,40
0002_query_0000007823,transfer_3,1234,95
0002_query_0000007823,isotropic,1235,32
0002_query_0000007823,transfer_3,1235,114
0002_query_0000007823,isotropic,1236,23
0002_query_0000007823,transfer_3,1236,167
0002_query_0000010956,isotropic,1234,48
0002_query_0000010956,transfer_3,1234,324
0002_query_0000010956,isotropic,1235,32
0002_query_0000010956,transfer_3,1235,318
0002_query_0000010956,isotropic,1236,23
0002_query_0000010956,transfer_3,1236,296
0002_query_0000010970,isotropic,1234,182
0002_query_0000010970,transfer_3,1234,344
0002_query_0000010970,isotropic,1235,180
0002_query_0000010970,transfer_3,1235,442
0002_query_0000010970,isotropic,1236,140
0002_query_0000010970,transfer_3,1236,371
0002_query_0000010991,isotropic,1234,20
0002_query_0000010991,transfer_3,1234,405
0002_query_0000010991,isotropic,1235,25
0002_query_0000010991,transfer_3,1235,546
0002_query_0000010991,isotropic,1236,36
0002_query_0000010991,transfer_3,1236,492
0002_query_0000011006,isotropic,1234,15
0002_query_0000011006,transfer_3,1234,61
0002_query_0000011006,isotropic,1235,14
0002_query_0000011006,transfer_3,1235,94
0002_query_0000011006,isotropic,1236,10
0002_query_0000011006,transfer_3,1236,68
0002_query_0000011017,isotropic,1234,48
0002_query_0000011017,transfer_3,1234,52
0002_query_0000011017,isotropic,1235,54
0002_query_0000011017,transfer_3,1235,21
0002_query_0000011017,isotropic,1236,44
0002_query_0000011017,transfer_3,1236,33
0002_query_0000009119,isotropic,1234,187
0002_query_0000009119,transfer_3,1234,63
0002_query_0000009119,isotropic,1235,105
0002_query_0000009119,transfer_3,1235,47
0002_query_0000009119,isotropic,1236,154
0002_query_0000009119,transfer_3,1236,56
0002_query_0000009128,isotropic,1234,8
0002_query_0000009128,transfer_3,1234,1
0002_query_0000009128,isotropic,1235,21
0002_query_0000009128,transfer_3,1235,9
0002_query_0000009128,isotropic,1236,10
0002_query_0000009128,transfer_3,1236,4
0002_query_0000009137,isotropic,1234,1
0002_query_0000009137,transfer_3,1234,7
0002_query_0000009137,isotropic,1235,1
0002_query_0000009137,transfer_3,1235,4
0002_query_0000009137,isotropic,1236,1
0002_query_0000009137,transfer_3,1236,1
0002_query_0000009145,isotropic,1234,9
0002_query_0000009145,transfer_3,1234,13
0002_query_0000009145,isotropic,1235,15
0002_query_0000009145,transfer_3,1235,10
0002_query_0000009145,isotropic,1236,17
0002_query_0000009145,transfer_3,1236,2
0002_query_0000009153,isotropic,1234,16
0002_query_0000009153,transfer_3,1234,30
0002_query_0000009153,isotropic,1235,12
0002_query_0000009153,transfer_3,1235,14
0002_query_0000009153,isotropic,1236,17
0002_query_0000009153,transfer_3,1236,37
0002_query_0000009161,isotropic,1234,69
0002_query_0000009161,transfer_3,1234,296
0002_query_0000009161,isotropic,1235,80
0002_query_0000009161,transfer_3,1235,312
0002_query_0000009161,isotropic,1236,53
0002_query_0000009161,transfer_3,1236,368
0002_query_0000009169,isotropic,1234,388
0002_query_0000009169,transfer_3,1234,281
0002_query_0000009169,isotropic,1235,441
0002_query_0000009169,transfer_3,1235,294
0002_query_0000009169,isotropic,1236,356
0002_query_0000009169,transfer_3,1236,329
0002_query_0000009176,isotropic,1234,91
0002_query_0000009176,transfer_3,1234,54
0002_query_0000009176,isotropic,1235,93
0002_query_0000009176,transfer_3,1235,47
0002_query_0000009176,isotropic,1236,108
0002_query_0000009176,transfer_3,1236,20
0002_query_0000009183,isotropic,1234,210
0002_query_0000009183,transfer_3,1234,68
0002_query_0000009183,isotropic,1235,282
0002_query_0000009183,transfer_3,1235,55
0002_query_0000009183,isotropic,1236,196
0002_query_0000009183,transfer_3,1236,76
0002_query_0000009190,isotropic,1234,661
0002_query_0000009190,transfer_3,1234,109
0002_query_0000009190,isotropic,1235,725
0002_query_0000009190,transfer_3,1235,185
0002_query_0000009190,isotropic,1236,739
0002_query_0000009190,transfer_3,1236,148
0002_query_0000009197,isotropic,1234,1061
0002_query_0000009197,transfer_3,1234,662
0002_query_0000009197,isotropic,1235,932
0002_query_0000009197,transfer_3,1235,480
0002_query_0000009197,isotropic,1236,985
0002_query_0000009197,transfer_3,1236,807
0002_query_0000012928,isotropic,1234,52
0002_query_0000012928,transfer_3,1234,311
0002_query_0000012928,isotropic,1235,58
0002_query_0000012928,transfer_3,1235,304
0002_query_0000012928,isotropic,1236,36
0002_query_0000012928,transfer_3,1236,330
0002_query_0000012940,isotropic,1234,29
0002_query_0000012940,transfer_3,1234,321
0002_query_0000012940,isotropic,1235,23
0002_query_0000012940,transfer_3,1235,270
0002_query_0000012940,isotropic,1236,34
0002_query_0000012940,transfer_3,1236,258
0002_query_0000012990,isotropic,1234,70
0002_query_0000012990,transfer_3,1234,226
0002_query_0000012990,isotropic,1235,57
0002_query_0000012990,transfer_3,1235,348
0002_query_0000012990,isotropic,1236,41
0002_query_0000012990,transfer_3,1236,350
0002_query_0000013518,isotropic,1234,15
0002_query_0000013518,transfer_3,1234,544
0002_query_0000013518,isotropic,1235,8
0002_query_0000013518,transfer_3,1235,541
0002_query_0000013518,isotropic,1236,13
0002_query_0000013518,transfer_3,1236,426
0002_query_0000013527,isotropic,1234,74
0002_query_0000013527,transfer_3,1234,50
0002_query_0000013527,isotropic,1235,64
0002_query_0000013527,transfer_3,1235,86
0002_query_0000013527,isotropic,1236,91
0002_query_0000013527,transfer_3,1236,47
0002_query_0000013538,isotropic,1234,1
0002_query_0000013538,transfer_3,1234,76
0002_query_0000013538,isotropic,1235,3
0002_query_0000013538,transfer_3,1235,85
0002_query_0000013538,isotropic,1236,1
0002_query_0000013538,transfer_3,1236,101
0002_query_0000013554,isotropic,1234,10
0002_query_0000013554,transfer_3,1234,65
0002_query_0000013554,isotropic,1235,15
0002_query_0000013554,transfer_3,1235,60
0002_query_0000013554,isotropic,1236,14
0002_query_0000013554,transfer_3,1236,97
0002_query_0000013568,isotropic,1234,2
0002_query_0000013568,transfer_3,1234,8
0002_query_0000013568,isotropic,1235,3
0002_query_0000013568,transfer_3,1235,10
0002_query_0000013568,isotropic,1236,3
0002_query_0000013568,transfer_3,1236,7
0002_query_0000013578,isotropic,1234,17
0002_query_0000013578,transfer_3,1234,3
0002_query_0000013578,isotropic,1235,29
0002_query_0000013578,transfer_3,1235,5
0002_query_0000013578,isotropic,1236,24
0002_query_0000013578,transfer_3,1236,20
0002_query_0000013586,isotropic,1234,11
0002_query_0000013586,transfer_3,1234,24
0002_query_0000013586,isotropic,1235,6
0002_query_0000013586,transfer_3,1235,20
0002_query_0000013586,isotropic,1236,10
0002_query_0000013586,transfer_3,1236,11
0002_query_0000013593,isotropic,1234,275
0002_query_0000013593,transfer_3,1234,216
0002_query_0000013593,isotropic,1235,241
0002_query_0000013593,transfer_3,1235,211
0002_query_0000013593,isotropic,1236,274
0002_query_0000013593,transfer_3,1236,286
0002_query_0000013600,isotropic,1234,5
0002_query_0000013600,transfer_3,1234,7
0002_query_0000013600,isotropic,1235,3
0002_query_0000013600,transfer_3,1235,4
0002_query_0000013600,isotropic,1236,4
0002_query_0000013600,transfer_3,1236,31
0002_query_0000013606,isotropic,1234,19
0002_query_0000013606,transfer_3,1234,46
0002_query_0000013606,isotropic,1235,25
0002_query_0000013606,transfer_3,1235,33
0002_query_0000013606,isotropic,1236,21
0002_query_0000013606,transfer_3,1236,45
0002_query_0000013612,isotropic,1234,2
0002_query_0000013612,transfer_3,1234,10
0002_query_0000013612,isotropic,1235,3
0002_query_0000013612,transfer_3,1235,13
0002_query_0000013612,isotropic,1236,3
0002_query_0000013612,transfer_3,1236,4
0002_query_0000013618,isotropic,1234,4
0002_query_0000013618,transfer_3,1234,25
0002_query_0000013618,isotropic,1235,4
0002_query_0000013618,transfer_3,1235,30
0002_query_0000013618,isotropic,1236,4
0002_query_0000013618,transfer_3,1236,133
0002_query_0000013624,isotropic,1234,15
0002_query_0000013624,transfer_3,1234,52
0002_query_0000013624,isotropic,1235,17
0002_query_0000013624,transfer_3,1235,66
0002_query_0000013624,isotropic,1236,16
0002_query_0000013624,transfer_3,1236,34
0002_query_0000013629,isotropic,1234,38
0002_query_0000013629,transfer_3,1234,99
0002_query_0000013629,isotropic,1235,30
0002_query_0000013629,transfer_3,1235,110
0002_query_0000013629,isotropic,1236,32
0002_query_0000013629,transfer_3,1236,117
0002_query_0000013634,isotropic,1234,149
0002_query_0000013634,transfer_3,1234,273
0002_query_0000013634,isotropic,1235,174
0002_query_0000013634,transfer_3,1235,153
0002_query_0000013634,isotropic,1236,202
0002_query_0000013634,transfer_3,1236,138
0002_query_0000013639,isotropic,1234,6
0002_query_0000013639,transfer_3,1234,239
0002_query_0000013639,isotropic,1235,7
0002_query_0000013639,transfer_3,1235,252
0002_query_0000013639,isotropic,1236,9
0002_query_0000013639,transfer_3,1236,311
0002_query_0000013644,isotropic,1234,23
0002_query_0000013644,transfer_3,1234,38
0002_query_0000013644,isotropic,1235,29
0002_query_0000013644,transfer_3,1235,43
0002_query_0000013644,isotropic,1236,24
0002_query_0000013644,transfer_3,1236,99
0002_query_0000013650,isotropic,1234,23
0002_query_0000013650,transfer_3,1234,19
0002_query_0000013650,isotropic,1235,14
0002_query_0000013650,transfer_3,1235,27
0002_query_0000013650,isotropic,1236,16
0002_query_0000013650,transfer_3,1236,24
0002_query_0000013656,isotropic,1234,16
0002_query_0000013656,transfer_3,1234,7
0002_query_0000013656,isotropic,1235,11
0002_query_0000013656,transfer_3,1235,6
0002_query_0000013656,isotropic,1236,13
0002_query_0000013656,transfer_3,1236,6
0002_query_0000013662,isotropic,1234,12
0002_query_0000013662,transfer_3,1234,5
0002_query_0000013662,isotropic,1235,16
0002_query_0000013662,transfer_3,1235,1
0002_query_0000013662,isotropic,1236,14
0002_query_0000013662,transfer_3,1236,2
0002_query_0000013668,isotropic,1234,1
0002_query_0000013668,transfer_3,1234,20
0002_query_0000013668,isotropic,1235,1
0002_query_0000013668,transfer_3,1235,29
0002_query_0000013668,isotropic,1236,1
0002_query_0000013668,transfer_3,1236,17
0002_query_0000013674,isotropic,1234,15
0002_query_0000013674,transfer_3,1234,1
0002_query_0000013674,isotropic,1235,25
0002_query_0000013674,transfer_3,1235,1
0002_query_0000013674,isotropic,1236,26
0002_query_0000013674,transfer_3,1236,3
0002_query_0000015334,isotropic,1234,139
0002_query_0000015334,transfer_3,1234,67
0002_query_0000015334,isotropic,1235,108
0002_query_0000015334,transfer_3,1235,169
0002_query_0000015334,isotropic,1236,113
0002_query_0000015334,transfer_3,1236,112
0002_query_0000015340,isotropic,1234,53
0002_query_0000015340,transfer_3,1234,11
0002_query_0000015340,isotropic,1235,78
0002_query_0000015340,transfer_3,1235,15
0002_query_0000015340,isotropic,1236,101
0002_query_0000015340,transfer_3,1236,45
0002_query_0000015346,isotropic,1234,2
0002_query_0000015346,transfer_3,1234,28
0002_query_0000015346,isotropic,1235,2
0002_query_0000015346,transfer_3,1235,19
0002_query_0000015346,isotropic,1236,8
0002_query_0000015346,transfer_3,1236,29
0002_query_0000015352,isotropic,1234,272
0002_query_0000015352,transfer_3,1234,326
0002_query_0000015352,isotropic,1235,189
0002_query_0000015352,transfer_3,1235,459
0002_query_0000015352,isotropic,1236,169
0002_query_0000015352,transfer_3,1236,690
0002_query_0000015358,isotropic,1234,144
0002_query_0000015358,transfer_3,1234,137
0002_query_0000015358,isotropic,1235,165
0002_query_0000015358,transfer_3,1235,84
0002_query_0000015358,isotropic,1236,147
0002_query_0000015358,transfer_3,1236,115
0002_query_0000015364,isotropic,1234,201
0002_query_0000015364,transfer_3,1234,472
0002_query_0000015364,isotropic,1235,170
0002_query_0000015364,transfer_3,1235,256
0002_query_0000015364,isotropic,1236,223
0002_query_0000015364,transfer_3,1236,284
0002_query_0000015370,isotropic,1234,243
0002_query_0000015370,transfer_3,1234,551
0002_query_0000015370,isotropic,1235,304
0002_query_0000015370,transfer_3,1235,375
0002_query_0000015370,isotropic,1236,279
0002_query_0000015370,transfer_3,1236,299
0002_query_0000014392,isotropic,1234,62
0002_query_0000014392,transfer_3,1234,19
0002_query_0000014392,isotropic,1235,65
0002_query_0000014392,transfer_3,1235,26
0002_query_0000014392,isotropic,1236,70
0002_query_0000014392,transfer_3,1236,43
0002_query_0000014398,isotropic,1234,128
0002_query_0000014398,transfer_3,1234,7
0002_query_0000014398,isotropic,1235,122
0002_query_0000014398,transfer_3,1235,41
0002_query_0000014398,isotropic,1236,145
0002_query_0000014398,transfer_3,1236,11
0002_query_0000014404,isotropic,1234,98
0002_query_0000014404,transfer_3,1234,28
0002_query_0000014404,isotropic,1235,95
0002_query_0000014404,transfer_3,1235,50
0002_query_0000014404,isotropic,1236,102
0002_query_0000014404,transfer_3,1236,39
0002_query_0000014410,isotropic,1234,79
0002_query_0000014410,transfer_3,1234,9
0002_query_0000014410,isotropic,1235,79
0002_query_0000014410,transfer_3,1235,11
0002_query_0000014410,isotropic,1236,64
0002_query_0000014410,transfer_3,1236,13
0002_query_0000014416,isotropic,1234,13
0002_query_0000014416,transfer_3,1234,2
0002_query_0000014416,isotropic,1235,11
0002_query_0000014416,transfer_3,1235,2
0002_query_0000014416,isotropic,1236,21
0002_query_0000014416,transfer_3,1236,1
0002_query_0000014421,isotropic,1234,53
0002_query_0000014421,transfer_3,1234,3
0002_query_0000014421,isotropic,1235,52
0002_query_0000014421,transfer_3,1235,5
0002_query_0000014421,isotropic,1236,69
0002_query_0000014421,transfer_3,1236,4
0002_query_0000014426,isotropic,1234,97
0002_query_0000014426,transfer_3,1234,43
0002_query_0000014426,isotropic,1235,95
0002_query_0000014426,transfer_3,1235,11
0002_query_0000014426,isotropic,1236,85
0002_query_0000014426,transfer_3,1236,15
0002_query_0000014431,isotropic,1234,70
0002_query_0000014431,transfer_3,1234,63
0002_query_0000014431,isotropic,1235,77
0002_query_0000014431,transfer_3,1235,48
0002_query_0000014431,isotropic,1236,72
0002_query_0000014431,transfer_3,1236,76
0002_query_0000014436,isotropic,1234,30
0002_query_0000014436,transfer_3,1234,16
0002_query_0000014436,isotropic,1235,31
0002_query_0000014436,transfer_3,1235,25
0002_query_0000014436,isotropic,1236,27
0002_query_0000014436,transfer_3,1236,29
0002_query_0000014441,isotropic,1234,54
0002_query_0000014441,transfer_3,1234,155
0002_query_0000014441,isotropic,1235,30
0002_query_0000014441,transfer_3,1235,52
0002_query_0000014441,isotropic,1236,37
0002_query_0000014441,transfer_3,1236,96
0002_query_0000014446,isotropic,1234,27
0002_query_0000014446,transfer_3,1234,12
0002_query_0000014446,isotropic,1235,23
0002_query_0000014446,transfer_3,1235,25
0002_query_0000014446,isotropic,1236,12
0002_query_0000014446,transfer_3,1236,4
0002_query_0000014451,isotropic,1234,9
0002_query_0000014451,transfer_3,1234,3
0002_query_0000014451,isotropic,1235,6
0002_query_0000014451,transfer_3,1235,5
0002_query_0000014451,isotropic,1236,7
0002_query_0000014451,transfer_3,1236,8
0002_query_0000014456,isotropic,1234,40
0002_query_0000014456,transfer_3,1234,4
0002_query_0000014456,isotropic,1235,40
0002_query_0000014456,transfer_3,1235,2
0002_query_0000014456,isotropic,1236,35
0002_query_0000014456,transfer_3,1236,4
0002_query_0000014461,isotropic,1234,123
0002_query_0000014461,transfer_3,1234,177
0002_query_0000014461,isotropic,1235,127
0002_query_0000014461,transfer_3,1235,116
0002_query_0000014461,isotropic,1236,123
0002_query_0000014461,transfer_3,1236,104
0002_query_0000014466,isotropic,1234,36
0002_query_0000014466,transfer_3,1234,3
0002_query_0000014466,isotropic,1235,62
0002_query_0000014466,transfer_3,1235,3
0002_query_0000014466,isotropic,1236,40
0002_query_0000014466,transfer_3,1236,1
0002_query_0000014471,isotropic,1234,149
0002_query_0000014471,transfer_3,1234,125
0002_query_0000014471,isotropic,1235,147
0002_query_0000014471,transfer_3,1235,57
0002_query_0000014471,isotropic,1236,135
0002_query_0000014471,transfer_3,1236,159
0002_query_0000014476,isotropic,1234,55
0002_query_0000014476,transfer_3,1234,15
0002_query_0000014476,isotropic,1235,47
0002_query_0000014476,transfer_3,1235,12
0002_query_0000014476,isotropic,1236,46
0002_query_0000014476,transfer_3,1236,16
0002_query_0000014481,isotropic,1234,126
0002_query_0000014481,transfer_3,1234,32
0002_query_0000014481,isotropic,1235,110
0002_query_0000014481,transfer_3,1235,26
0002_query_0000014481,isotropic,1236,116
0002_query_0000014481,transfer_3,1236,29
0002_query_0000014486,isotropic,1234,89
0002_query_0000014486,transfer_3,1234,17
0002_query_0000014486,isotropic,1235,109
0002_query_0000014486,transfer_3,1235,30
0002_query_0000014486,isotropic,1236,114
0002_query_0000014486,transfer_3,1236,16
0002_query_0000018025,isotropic,1234,258
0002_query_0000018025,transfer_3,1234,511
0002_query_0000018025,isotropic,1235,216
0002_query_0000018025,transfer_3,1235,366
0002_query_0000018025,isotropic,1236,259
0002_query_0000018025,transfer_3,1236,183
0002_query_0000018042,isotropic,1234,22
0002_query_0000018042,transfer_3,1234,148
0002_query_0000018042,isotropic,1235,35
0002_query_0000018042,transfer_3,1235,56
0002_query_0000018042,isotropic,1236,60
0002_query_0000018042,transfer_3,1236,66
0002_query_0000018065,isotropic,1234,9
0002_query_0000018065,transfer_3,1234,1
0002_query_0000018065,isotropic,1235,9
0002_query_0000018065,transfer_3,1235,3
0002_query_0000018065,isotropic,1236,9
0002_query_0000018065,transfer_3,1236,2
0002_query_0000018080,isotropic,1234,25
0002_query_0000018080,transfer_3,1234,536
0002_query_0000018080,isotropic,1235,24
0002_query_0000018080,transfer_3,1235,816
0002_query_0000018080,isotropic,1236,23
0002_query_0000018080,transfer_3,1236,392
0002_query_0000018091,isotropic,1234,49
0002_query_0000018091,transfer_3,1234,145
0002_query_0000018091,isotropic,1235,48
0002_query_0000018091,transfer_3,1235,142
0002_query_0000018091,isotropic,1236,51
0002_query_0000018091,transfer_3,1236,143
0002_query_0000017324,isotropic,1234,163
0002_query_0000017324,transfer_3,1234,118
0002_query_0000017324,isotropic,1235,134
0002_query_0000017324,transfer_3,1235,70
0002_query_0000017324,isotropic,1236,138
0002_query_0000017324,transfer_3,1236,39
0002_query_0000017334,isotropic,1234,35
0002_query_0000017334,transfer_3,1234,12
0002_query_0000017334,isotropic,1235,37
0002_query_0000017334,transfer_3,1235,5
0002_query_0000017334,isotropic,1236,48
0002_query_0000017334,transfer_3,1236,11
0002_query_0000017348,isotropic,1234,1
0002_query_0000017348,transfer_3,1234,2
0002_query_0000017348,isotropic,1235,1
0002_query_0000017348,transfer_3,1235,1
0002_query_0000017348,isotropic,1236,1
0002_query_0000017348,transfer_3,1236,1
0002_query_0000017361,isotropic,1234,2
0002_query_0000017361,transfer_3,1234,2
0002_query_0000017361,isotropic,1235,4
0002_query_0000017361,transfer_3,1235,2
0002_query_0000017361,isotropic,1236,2
0002_query_0000017361,transfer_3,1236,2
0002_query_0000017371,isotropic,1234,13
0002_query_0000017371,transfer_3,1234,27
0002_query_0000017371,isotropic,1235,14
0002_query_0000017371,transfer_3,1235,19
0002_query_0000017371,isotropic,1236,8
0002_query_0000017371,transfer_3,1236,20
0002_query_0000017379,isotropic,1234,14
0002_query_0000017379,transfer_3,1234,25
0002_query_0000017379,isotropic,1235,16
0002_query_0000017379,transfer_3,1235,34
0002_query_0000017379,isotropic,1236,9
0002_query_0000017379,transfer_3,1236,22
0002_query_0000017386,isotropic,1234,47
0002_query_0000017386,transfer_3,1234,32
0002_query_0000017386,isotropic,1235,58
0002_query_0000017386,transfer_3,1235,24
0002_query_0000017386,isotropic,1236,50
0002_query_0000017386,transfer_3,1236,34
0002_query_0000017393,isotropic,1234,1
0002_query_0000017393,transfer_3,1234,3
0002_query_0000017393,isotropic,1235,1
0002_query_0000017393,transfer_3,1235,3
0002_query_0000017393,isotropic,1236,1
0002_query_0000017393,transfer_3,1236,5
0002_query_0000017400,isotropic,1234,232
0002_query_0000017400,transfer_3,1234,93
0002_query_0000017400,isotropic,1235,200
0002_query_0000017400,transfer_3,1235,118
0002_query_0000017400,isotropic,1236,220
0002_query_0000017400,transfer_3,1236,143
0002_query_0000017407,isotropic,1234,2
0002_query_0000017407,transfer_3,1234,1
0002_query_0000017407,isotropic,1235,3
0002_query_0000017407,transfer_3,1235,3
0002_query_0000017407,isotropic,1236,1
0002_query_0000017407,transfer_3,1236,2
0002_query_0000017413,isotropic,1234,2
0002_query_0000017413,transfer_3,1234,3
0002_query_0000017413,isotropic,1235,2
0002_query_0000017413,transfer_3,1235,2
0002_query_0000017413,isotropic,1236,2
0002_query_0000017413,transfer_3,1236,1
0002_query_0000017419,isotropic,1234,1
0002_query_0000017419,transfer_3,1234,24
0002_query_0000017419,isotropic,1235,1
0002_query_0000017419,transfer_3,1235,27
0002_query_0000017419,isotropic,1236,1
0002_query_0000017419,transfer_3,1236,34
0002_query_0000017425,isotropic,1234,70
0002_query_0000017425,transfer_3,1234,16
0002_query_0000017425,isotropic,1235,82
0002_query_0000017425,transfer_3,1235,14
0002_query_0000017425,isotropic,1236,92
0002_query_0000017425,transfer_3,1236,36
0002_query_0000017431,isotropic,1234,61
0002_query_0000017431,transfer_3,1234,31
0002_query_0000017431,isotropic,1235,52
0002_query_0000017431,transfer_3,1235,31
0002_query_0000017431,isotropic,1236,37
0002_query_0000017431,transfer_3,1236,53
0002_query_0000017437,isotropic,1234,1
0002_query_0000017437,transfer_3,1234,6
0002_query_0000017437,isotropic,1235,1
0002_query_0000017437,transfer_3,1235,7
0002_query_0000017437,isotropic,1236,1
0002_query_0000017437,transfer_3,1236,5
0002_query_0000017443,isotropic,1234,4
0002_query_0000017443,transfer_3,1234,4
0002_query_0000017443,isotropic,1235,4
0002_query_0000017443,transfer_3,1235,13
0002_query_0000017443,isotropic,1236,4
0002_query_0000017443,transfer_3,1236,9
0002_query_0000017449,isotropic,1234,5
0002_query_0000017449,transfer_3,1234,8
0002_query_0000017449,isotropic,1235,7
0002_query_0000017449,transfer_3,1235,5
0002_query_0000017449,isotropic,1236,8
0002_query_0000017449,transfer_3,1236,8
0002_query_0000017455,isotropic,1234,1
0002_query_0000017455,transfer_3,1234,1
0002_query_0000017455,isotropic,1235,1
0002_query_0000017455,transfer_3,1235,1
0002_query_0000017455,isotropic,1236,1
0002_query_0000017455,transfer_3,1236,1
0002_query_0000017461,isotropic,1234,2
0002_query_0000017461,transfer_3,1234,40
0002_query_0000017461,isotropic,1235,4
0002_query_0000017461,transfer_3,1235,16
0002_query_0000017461,isotropic,1236,2
0002_query_0000017461,transfer_3,1236,15
0002_query_0000017468,isotropic,1234,4
0002_query_0000017468,transfer_3,1234,12
0002_query_0000017468,isotropic,1235,3
0002_query_0000017468,transfer_3,1235,15
0002_query_0000017468,isotropic,1236,4
0002_query_0000017468,transfer_3,1236,6
0002_query_0000017475,isotropic,1234,1
0002_query_0000017475,transfer_3,1234,1
0002_query_0000017475,isotropic,1235,1
0002_query_0000017475,transfer_3,1235,1
0002_query_0000017475,isotropic,1236,1
0002_query_0000017475,transfer_3,1236,1
0002_query_0000017482,isotropic,1234,1
0002_query_0000017482,transfer_3,1234,6
0002_query_0000017482,isotropic,1235,1
0002_query_0000017482,transfer_3,1235,5
0002_query_0000017482,isotropic,1236,1
0002_query_0000017482,transfer_3,1236,13
0002_query_0000017490,isotropic,1234,1
0002_query_0000017490,transfer_3,1234,4
0002_query_0000017490,isotropic,1235,1
0002_query_0000017490,transfer_3,1235,2
0002_query_0000017490,isotropic,1236,1
0002_query_0000017490,transfer_3,1236,2
